season,holiday,workingday,weather,temp,humidity,windspeed
2,0,0,2,30.34,27,27.9993
3,0,1,1,32.8,49,8.9981
4,0,1,1,19.68,82,0.0
1,0,1,2,8.2,40,16.9979
4,0,1,1,13.94,46,7.0015
4,0,1,1,10.66,75,0.0
2,0,1,1,16.4,50,35.0008
2,0,1,1,18.86,63,0.0
3,0,1,1,27.06,83,16.9979
4,0,0,3,16.4,71,8.9981
2,0,1,1,29.52,39,12.998
2,0,1,1,15.58,54,23.9994
4,0,0,1,18.86,36,12.998
3,0,0,2,26.24,89,7.0015
3,1,0,2,24.6,88,39.0007
2,0,1,1,12.3,49,19.0012
3,0,1,1,25.42,35,19.9995
4,0,1,1,18.86,36,26.0027
4,0,0,2,26.24,57,35.0008
2,0,1,1,30.34,22,26.0027
1,0,0,2,13.12,39,16.9979
4,0,1,1,18.86,67,16.9979
2,0,1,2,23.78,88,0.0
4,0,0,1,13.94,53,8.9981
2,0,1,3,23.78,64,16.9979
4,0,1,1,18.86,88,6.0032
1,0,0,1,13.94,42,11.0014
3,0,1,2,29.52,62,12.998
4,0,1,2,22.14,77,7.0015
1,0,1,3,13.12,70,8.9981
4,0,1,1,19.68,77,7.0015
4,0,1,2,22.14,94,7.0015
4,0,0,1,10.66,60,15.0013
2,0,1,1,18.86,41,19.0012
2,0,1,1,28.7,79,11.0014
1,0,1,2,8.2,59,6.0032
3,0,1,1,30.34,51,15.0013
2,0,1,1,18.04,33,0.0
2,0,1,1,25.42,69,6.0032
4,0,1,2,14.76,62,7.0015
4,0,0,1,13.94,53,8.9981
2,0,0,1,22.96,60,16.9979
4,0,1,1,19.68,77,8.9981
4,0,1,1,22.14,39,16.9979
2,0,0,2,21.32,100,8.9981
1,0,1,1,22.14,52,19.0012
3,0,1,1,26.24,69,7.0015
4,0,0,1,16.4,35,19.0012
3,0,1,1,36.9,27,0.0
2,0,1,1,28.7,65,16.9979
1,0,1,1,18.86,63,30.0026
3,0,0,1,24.6,46,15.0013
1,0,1,1,18.86,63,26.0027
4,0,1,1,16.4,66,6.0032
1,0,1,1,13.94,46,8.9981
1,0,1,2,18.04,94,0.0
1,0,1,1,6.56,40,22.0028
2,0,0,1,16.4,82,7.0015
3,0,1,1,34.44,53,19.0012
2,0,1,1,25.42,83,8.9981
4,0,1,1,17.22,62,11.0014
2,0,1,1,27.88,41,12.998
4,0,1,3,18.86,94,6.0032
3,0,0,1,34.44,20,0.0
4,0,1,1,16.4,37,23.9994
3,0,1,1,36.08,42,16.9979
2,0,0,1,25.42,73,19.9995
4,0,1,3,16.4,94,19.9995
3,0,1,1,25.42,78,8.9981
1,0,1,2,8.2,47,6.0032
2,0,1,3,19.68,47,15.0013
1,0,1,1,13.94,53,12.998
4,0,1,1,17.22,38,0.0
2,0,1,1,23.78,60,19.0012
4,1,0,1,22.14,77,0.0
3,0,1,2,28.7,74,39.0007
1,0,1,1,22.96,43,11.0014
1,0,0,1,5.74,54,19.0012
1,0,0,1,10.66,93,15.0013
1,0,0,2,17.22,100,19.0012
3,0,1,1,28.7,74,8.9981
3,0,1,1,24.6,83,7.0015
2,0,0,1,15.58,46,0.0
4,0,0,1,13.94,61,11.0014
1,0,1,2,15.58,46,22.0028
2,0,1,3,20.5,77,23.9994
2,0,1,1,24.6,49,19.0012
1,0,1,3,6.56,93,0.0
1,0,0,1,9.84,41,23.9994
3,0,1,1,31.98,59,22.0028
2,0,1,1,16.4,82,22.0028
3,0,1,1,30.34,35,11.0014
2,0,1,1,17.22,35,8.9981
4,0,0,1,14.76,66,11.0014
2,0,0,1,29.52,58,12.998
4,1,0,1,14.76,34,22.0028
3,0,1,3,28.7,84,11.0014
3,0,1,1,33.62,17,0.0
1,0,0,2,6.56,59,6.0032
2,0,0,1,26.24,83,7.0015
1,0,0,2,16.4,100,19.9995
4,0,1,1,13.12,87,0.0
1,0,1,1,7.38,80,7.0015
3,0,0,1,18.04,77,15.0013
2,0,0,1,17.22,71,8.9981
1,0,0,3,8.2,100,8.9981
1,0,0,2,12.3,36,19.0012
3,0,1,1,17.22,67,12.998
1,0,1,2,14.76,57,6.0032
3,0,1,1,27.06,65,7.0015
3,0,0,1,35.26,41,22.0028
3,0,1,1,31.16,66,12.998
2,0,0,1,22.14,24,16.9979
3,0,1,1,27.06,61,8.9981
1,0,1,1,9.02,37,26.0027
4,0,1,2,15.58,87,7.0015
1,0,0,1,12.3,52,15.0013
4,0,1,1,21.32,48,12.998
3,0,1,1,26.24,89,11.0014
3,0,1,1,30.34,70,16.9979
3,0,1,1,31.16,55,16.9979
2,0,1,3,22.14,52,23.9994
3,0,1,1,36.9,25,19.0012
4,0,1,1,19.68,55,6.0032
2,0,1,1,22.96,49,23.9994
1,0,0,3,14.76,93,6.0032
4,0,1,1,13.12,87,0.0
1,0,1,2,12.3,52,16.9979
3,0,1,1,27.88,79,8.9981
2,0,0,1,27.06,83,11.0014
1,0,0,1,18.86,31,22.0028
4,0,1,1,23.78,94,8.9981
1,0,1,2,6.56,59,0.0
3,0,1,1,27.06,83,8.9981
2,0,1,2,30.34,57,11.0014
4,0,0,1,20.5,31,23.9994
4,0,1,1,13.94,61,0.0
2,0,1,3,22.96,78,11.0014
2,0,1,1,25.42,83,8.9981
1,0,1,1,22.96,49,22.0028
2,0,1,2,22.96,83,27.9993
3,0,0,3,30.34,79,11.0014
3,0,1,1,23.78,78,6.0032
1,0,1,2,13.94,81,7.0015
4,0,0,2,14.76,100,0.0
3,0,1,3,25.42,94,12.998
2,0,1,1,15.58,46,0.0
3,0,1,2,20.5,82,15.0013
3,0,1,1,27.06,74,8.9981
2,0,1,1,26.24,36,31.0009
1,0,0,1,4.92,54,7.0015
3,0,1,1,24.6,40,16.9979
1,0,1,1,12.3,42,26.0027
2,0,1,1,24.6,49,0.0
1,0,1,1,8.2,59,11.0014
3,0,0,2,27.06,78,11.0014
4,0,1,1,14.76,66,15.0013
2,0,1,1,16.4,71,16.9979
4,0,0,1,14.76,62,12.998
3,0,1,1,31.98,59,12.998
2,0,0,1,26.24,78,12.998
4,0,1,1,13.12,57,19.9995
2,0,1,2,26.24,65,12.998
4,0,1,1,19.68,44,26.0027
1,0,1,1,5.74,50,26.0027
3,0,1,1,23.78,83,7.0015
3,0,1,2,27.06,94,0.0
3,0,1,2,28.7,74,8.9981
3,0,1,1,30.34,48,12.998
4,0,1,2,18.86,88,19.9995
2,0,1,3,13.94,93,26.0027
3,0,1,1,27.06,83,0.0
4,0,0,1,11.48,81,7.0015
1,0,1,1,18.86,59,19.9995
3,0,1,1,30.34,51,7.0015
2,0,0,1,27.88,54,16.9979
4,0,0,1,10.66,65,7.0015
1,0,1,1,13.94,61,19.0012
4,1,0,1,29.52,37,0.0
3,0,1,2,29.52,45,8.9981
1,0,1,1,9.84,52,15.0013
1,0,1,1,6.56,47,11.0014
1,0,1,2,22.96,49,15.0013
3,0,0,3,27.88,65,6.0032
4,0,1,2,24.6,43,11.0014
2,0,0,2,14.76,76,11.0014
3,0,0,1,34.44,39,19.0012
3,0,1,3,28.7,79,0.0
3,0,0,1,25.42,73,11.0014
1,0,1,1,0.82,44,8.9981
4,0,1,2,11.48,56,19.9995
1,0,1,2,13.94,49,19.9995
1,0,1,2,9.02,75,30.0026
2,0,0,2,26.24,61,11.0014
2,0,1,1,21.32,83,0.0
2,0,1,1,26.24,25,19.0012
4,1,0,2,17.22,66,16.9979
2,0,1,2,24.6,56,16.9979
3,0,1,1,30.34,62,0.0
3,0,0,1,37.72,42,19.9995
3,0,0,1,31.16,37,15.0013
3,0,1,1,24.6,78,11.0014
4,0,0,2,10.66,93,0.0
2,0,1,1,27.88,61,8.9981
2,0,1,1,17.22,67,12.998
1,1,0,1,5.74,43,7.0015
2,0,1,1,29.52,26,22.0028
4,0,0,1,27.06,39,27.9993
4,0,0,1,18.04,88,0.0
1,0,0,1,22.14,68,0.0
2,0,1,1,24.6,56,15.0013
3,0,1,3,28.7,89,12.998
4,0,1,2,18.04,94,8.9981
4,0,1,1,13.94,49,12.998
1,0,1,1,16.4,50,15.0013
2,0,1,2,24.6,56,16.9979
1,0,1,1,22.96,68,11.0014
4,0,0,1,21.32,27,22.0028
4,0,1,1,11.48,65,6.0032
4,0,0,1,9.84,93,0.0
4,0,1,2,18.86,77,0.0
1,0,1,2,18.86,82,19.0012
3,0,0,1,25.42,73,6.0032
2,0,1,1,22.14,60,16.9979
4,0,0,1,14.76,76,8.9981
1,0,1,1,9.02,25,6.0032
1,0,1,1,9.84,52,15.0013
4,0,0,1,17.22,62,8.9981
2,0,1,2,24.6,53,22.0028
4,0,1,2,14.76,71,11.0014
2,0,0,1,24.6,88,0.0
4,0,1,1,17.22,82,7.0015
3,0,1,1,30.34,51,15.0013
3,0,1,2,27.88,65,8.9981
1,0,1,1,13.12,57,12.998
2,0,1,2,24.6,64,12.998
2,0,1,2,24.6,78,8.9981
3,0,1,1,28.7,79,6.0032
4,0,0,1,12.3,89,6.0032
3,0,0,2,27.06,36,15.0013
4,0,1,1,16.4,54,12.998
2,0,1,1,23.78,53,22.0028
2,0,1,2,27.06,65,19.0012
2,0,1,1,26.24,38,26.0027
4,0,1,3,13.94,87,43.0006
4,0,1,1,20.5,77,7.0015
4,0,1,3,22.14,68,0.0
1,0,1,1,8.2,75,23.9994
4,0,0,1,17.22,50,19.0012
1,0,1,1,9.02,47,0.0
2,0,0,2,18.04,77,0.0
1,0,0,1,12.3,70,0.0
1,0,0,1,9.02,69,0.0
3,0,1,1,37.72,33,16.9979
3,0,1,1,30.34,62,19.0012
3,0,0,1,28.7,61,15.0013
1,0,1,1,13.94,46,11.0014
4,0,1,1,13.12,93,0.0
3,0,1,1,27.06,83,8.9981
4,0,1,1,28.7,51,15.0013
4,0,1,2,18.04,72,15.0013
2,0,0,1,26.24,36,0.0
3,0,1,1,31.98,59,19.9995
4,0,1,2,14.76,87,11.0014
2,0,1,1,13.94,46,22.0028
4,0,0,1,18.04,54,0.0
2,0,1,2,20.5,42,19.0012
2,0,1,1,16.4,37,16.9979
3,0,1,2,27.88,65,0.0
3,0,0,1,28.7,84,15.0013
4,0,1,1,6.56,80,11.0014
2,0,1,1,27.06,61,16.9979
2,0,1,1,30.34,23,40.9973
4,0,0,2,14.76,93,8.9981
4,0,1,3,22.96,64,7.0015
2,0,1,1,30.34,66,8.9981
2,0,1,2,22.14,88,11.0014
2,0,1,1,20.5,94,0.0
2,0,1,1,22.14,94,8.9981
1,0,1,1,24.6,31,16.9979
3,0,1,2,27.06,57,15.0013
4,0,1,2,18.86,100,16.9979
4,0,0,1,22.96,73,7.0015
4,0,0,2,13.12,49,19.9995
1,0,1,2,9.84,93,6.0032
2,0,1,1,20.5,55,15.0013
1,0,1,1,6.56,37,27.9993
4,0,1,1,13.12,81,6.0032
4,0,1,3,18.04,100,12.998
1,0,1,1,13.12,61,11.0014
1,1,0,2,7.38,43,12.998
3,0,1,1,28.7,70,12.998
2,0,1,1,13.94,53,23.9994
4,0,1,1,9.02,55,19.9995
3,0,0,1,26.24,53,0.0
4,0,1,3,22.14,94,11.0014
1,0,1,2,15.58,46,8.9981
2,0,0,1,25.42,43,15.0013
1,0,1,1,10.66,52,6.0032
2,0,1,2,20.5,77,19.0012
2,0,1,1,20.5,34,11.0014
2,0,0,1,29.52,58,7.0015
1,0,1,1,9.02,51,15.0013
1,0,1,2,11.48,61,0.0
4,0,1,2,12.3,70,8.9981
4,0,1,3,14.76,87,23.9994
3,0,0,2,27.88,83,15.0013
3,1,0,1,27.06,89,6.0032
4,1,0,1,12.3,45,6.0032
4,0,0,1,18.04,44,19.0012
4,0,0,1,16.4,54,19.0012
2,0,0,1,25.42,57,0.0
4,0,0,1,10.66,60,19.0012
3,0,0,2,19.68,67,15.0013
4,0,1,2,12.3,49,19.0012
1,0,1,1,10.66,48,30.0026
1,0,1,2,9.02,73,7.0015
2,0,1,2,22.14,83,0.0
3,0,1,3,25.42,94,11.0014
2,0,1,1,24.6,83,6.0032
3,0,1,1,21.32,59,7.0015
2,0,1,1,18.86,63,15.0013
3,0,1,1,25.42,73,7.0015
2,0,1,2,21.32,72,16.9979
4,0,1,2,22.14,88,26.0027
1,0,1,1,9.84,38,7.0015
1,0,1,1,18.86,24,16.9979
4,0,1,2,12.3,65,12.998
3,0,0,1,31.98,55,12.998
2,0,0,2,12.3,87,15.0013
4,0,1,1,9.84,65,12.998
4,0,0,2,14.76,46,19.0012
4,0,0,2,17.22,82,12.998
4,0,1,1,15.58,46,26.0027
2,0,1,1,27.06,39,15.0013
4,0,1,1,8.2,75,6.0032
4,0,1,1,17.22,41,6.0032
3,0,0,2,22.96,73,12.998
3,0,0,1,25.42,88,7.0015
1,0,1,1,13.94,34,6.0032
2,0,1,1,15.58,76,16.9979
2,0,1,3,21.32,77,11.0014
1,0,0,1,7.38,55,0.0
1,0,1,2,13.12,66,12.998
3,0,1,1,27.88,65,11.0014
4,0,1,1,18.86,63,8.9981
4,0,1,1,21.32,77,0.0
4,0,1,3,22.14,77,0.0
4,0,1,2,18.04,88,0.0
2,0,0,3,21.32,83,11.0014
4,0,1,2,14.76,71,11.0014
1,0,1,1,13.94,49,15.0013
4,0,0,1,16.4,62,19.9995
3,0,0,1,33.62,46,19.0012
3,0,0,1,30.34,60,15.0013
4,0,1,2,15.58,87,6.0032
4,0,1,2,24.6,69,0.0
3,0,1,1,30.34,58,8.9981
1,0,1,2,12.3,87,0.0
1,0,1,1,18.86,28,19.0012
1,0,0,1,16.4,35,23.9994
3,0,0,2,26.24,73,12.998
2,0,1,2,31.16,75,16.9979
1,0,0,1,6.56,37,36.9974
2,0,0,1,20.5,39,16.9979
3,0,1,1,35.26,30,0.0
1,0,0,1,19.68,39,22.0028
4,0,1,2,16.4,87,8.9981
2,0,1,1,21.32,88,8.9981
3,0,1,1,28.7,65,6.0032
4,0,1,1,10.66,60,19.9995
3,0,1,2,33.62,46,0.0
2,0,0,1,16.4,82,7.0015
3,0,1,2,30.34,51,15.0013
1,0,0,1,8.2,34,30.0026
2,0,1,3,18.04,94,8.9981
4,0,0,2,13.94,76,12.998
1,0,0,1,10.66,70,12.998
3,0,1,1,29.52,66,0.0
1,0,1,1,7.38,55,15.0013
1,0,0,3,18.86,59,16.9979
1,0,1,3,13.12,93,11.0014
2,0,1,1,26.24,41,22.0028
2,0,0,1,24.6,46,6.0032
2,0,1,2,33.62,34,19.0012
3,0,1,1,33.62,41,15.0013
4,0,1,2,12.3,61,15.0013
1,0,1,1,7.38,64,8.9981
4,0,1,1,16.4,76,7.0015
3,0,1,1,31.16,52,16.9979
2,0,1,1,21.32,63,15.0013
3,0,1,1,28.7,79,7.0015
2,0,1,1,24.6,43,12.998
1,0,1,1,3.28,38,19.0012
2,1,0,2,14.76,81,12.998
1,0,1,1,8.2,55,15.0013
3,0,1,1,34.44,41,8.9981
1,0,1,1,15.58,40,0.0
4,0,1,1,24.6,69,15.0013
3,0,0,1,33.62,52,16.9979
3,0,1,2,27.88,89,6.0032
1,0,1,2,17.22,82,22.0028
4,0,1,2,20.5,77,6.0032
3,0,0,1,20.5,72,0.0
2,0,1,1,32.8,59,15.0013
1,0,1,1,8.2,40,30.0026
3,0,1,1,31.98,62,8.9981
4,0,0,1,28.7,54,7.0015
2,0,0,1,25.42,83,0.0
4,0,0,1,14.76,50,6.0032
1,0,0,3,4.92,50,32.9975
1,0,1,1,13.12,36,27.9993
1,0,0,1,16.4,40,12.998
2,0,1,2,22.96,68,7.0015
4,0,0,1,9.84,60,22.0028
1,0,1,2,16.4,87,16.9979
1,0,1,1,14.76,50,12.998
1,0,0,2,13.12,39,16.9979
3,0,1,2,27.06,69,15.0013
2,0,1,1,16.4,62,11.0014
1,0,0,1,9.84,60,8.9981
4,0,1,1,13.94,49,23.9994
3,0,0,1,18.86,72,8.9981
4,0,0,2,9.84,93,8.9981
3,0,0,2,26.24,83,12.998
4,0,0,1,15.58,40,11.0014
1,0,1,2,6.56,47,19.0012
4,0,1,2,16.4,40,32.9975
1,0,0,1,6.56,47,22.0028
3,0,0,2,33.62,52,0.0
1,0,1,1,4.1,46,16.9979
3,0,0,2,29.52,48,6.0032
3,0,1,1,29.52,45,15.0013
3,0,0,1,19.68,67,16.9979
3,0,0,3,29.52,79,6.0032
4,0,0,1,18.86,88,0.0
4,0,1,1,12.3,75,7.0015
2,0,0,2,22.14,56,11.0014
3,0,1,2,27.88,89,7.0015
4,0,1,1,14.76,57,19.9995
2,0,1,2,25.42,78,6.0032
4,0,0,1,24.6,46,7.0015
4,0,1,2,14.76,66,15.0013
4,0,1,1,15.58,82,0.0
1,0,1,1,7.38,47,16.9979
3,0,1,2,27.06,78,6.0032
2,1,0,1,17.22,77,26.0027
4,0,1,2,21.32,48,11.0014
1,0,1,1,9.02,69,11.0014
3,0,1,3,27.06,89,26.0027
2,0,1,1,28.7,28,19.0012
3,0,1,2,28.7,79,12.998
4,0,1,1,13.12,53,12.998
1,0,1,1,6.56,47,16.9979
4,0,1,2,24.6,94,12.998
4,0,1,1,18.86,82,11.0014
4,0,1,2,12.3,56,11.0014
1,0,0,2,18.86,94,12.998
4,0,1,1,16.4,37,22.0028
2,0,1,2,27.06,94,12.998
2,0,1,1,26.24,78,8.9981
4,0,1,2,13.12,66,11.0014
3,0,1,1,26.24,78,8.9981
3,0,1,1,32.8,59,15.0013
1,0,1,2,10.66,65,7.0015
2,0,1,1,26.24,47,11.0014
1,0,1,2,10.66,60,0.0
4,0,1,2,22.96,43,11.0014
4,0,1,2,24.6,100,0.0
2,0,0,1,13.12,61,11.0014
4,0,1,1,13.94,42,16.9979
3,0,1,1,31.16,62,8.9981
1,0,1,2,11.48,41,0.0
1,0,1,2,9.02,87,11.0014
1,0,1,1,12.3,24,0.0
4,0,1,2,13.12,49,19.9995
4,0,0,1,9.84,60,8.9981
3,0,1,1,36.9,31,19.9995
3,0,1,1,33.62,41,12.998
2,0,1,1,17.22,50,16.9979
2,0,0,3,28.7,61,19.9995
2,0,0,1,23.78,37,11.0014
3,0,0,1,28.7,89,11.0014
3,0,1,1,26.24,73,0.0
3,0,1,3,22.14,83,26.0027
2,0,1,2,26.24,69,19.0012
1,0,0,1,12.3,56,22.0028
2,0,0,1,11.48,70,6.0032
1,0,1,1,12.3,39,8.9981
2,0,1,1,25.42,61,15.0013
1,0,1,1,2.46,49,7.0015
4,1,0,1,12.3,42,23.9994
2,0,0,3,22.14,94,11.0014
2,0,0,1,22.14,16,22.0028
4,0,1,2,22.96,64,6.0032
2,0,1,1,22.14,68,0.0
2,0,1,1,20.5,77,19.9995
4,0,1,1,17.22,62,12.998
3,0,1,1,32.8,55,11.0014
4,0,1,1,14.76,57,12.998
2,0,1,1,20.5,31,19.9995
3,0,0,2,25.42,88,11.0014
4,0,1,1,16.4,37,16.9979
1,0,1,1,9.02,55,8.9981
4,0,1,1,12.3,81,0.0
4,0,1,1,13.94,81,15.0013
3,0,1,1,26.24,89,8.9981
3,0,1,2,29.52,79,12.998
2,0,0,1,14.76,53,23.9994
3,0,1,1,23.78,88,7.0015
4,0,1,2,13.94,76,19.0012
2,0,1,1,26.24,78,6.0032
4,0,1,1,12.3,56,0.0
4,0,0,1,23.78,60,16.9979
2,0,0,1,28.7,58,0.0
2,0,1,1,28.7,24,19.9995
4,0,0,1,19.68,36,19.0012
3,0,1,1,30.34,66,19.0012
2,0,1,3,17.22,88,6.0032
3,0,0,1,26.24,41,11.0014
1,0,1,1,9.02,75,7.0015
2,0,1,1,22.14,56,11.0014
3,0,1,2,25.42,94,0.0
4,0,1,1,13.12,87,0.0
1,0,0,2,6.56,43,36.9974
4,0,1,1,14.76,62,8.9981
1,1,0,1,12.3,36,19.9995
3,0,1,1,22.96,60,7.0015
3,0,1,3,37.72,35,23.9994
4,0,0,1,14.76,57,7.0015
2,0,1,1,26.24,33,16.9979
1,0,1,2,12.3,70,8.9981
4,0,0,1,10.66,56,16.9979
4,0,1,1,18.86,82,6.0032
3,0,1,2,28.7,84,11.0014
4,0,1,1,16.4,82,7.0015
2,0,1,1,20.5,63,7.0015
4,0,1,2,13.94,61,19.9995
2,0,0,2,16.4,82,6.0032
3,0,1,1,35.26,30,19.0012
1,0,1,1,8.2,40,12.998
1,0,1,1,17.22,77,11.0014
3,0,0,1,29.52,84,6.0032
2,0,1,1,29.52,42,0.0
3,0,1,2,28.7,74,11.0014
2,0,1,2,17.22,82,6.0032
3,0,1,2,22.96,64,8.9981
3,0,1,1,33.62,38,12.998
3,0,0,1,34.44,34,6.0032
1,0,0,1,8.2,40,11.0014
1,0,1,1,24.6,31,12.998
1,0,1,1,13.94,53,0.0
2,0,1,1,20.5,27,16.9979
4,0,1,1,18.04,82,15.0013
4,0,1,2,9.84,60,31.0009
2,0,0,1,29.52,62,8.9981
3,0,1,1,27.06,65,12.998
2,0,0,2,15.58,87,6.0032
4,0,1,1,9.84,65,19.0012
4,0,0,2,18.04,54,8.9981
1,0,1,2,6.56,69,0.0
2,0,1,1,25.42,50,0.0
1,0,1,1,13.12,57,6.0032
2,0,1,1,22.14,64,27.9993
4,0,0,1,13.94,81,6.0032
4,0,1,2,18.04,33,19.9995
4,0,1,1,14.76,46,16.9979
1,0,1,2,13.12,76,16.9979
2,0,1,1,23.78,64,12.998
4,0,1,2,22.14,88,0.0
1,0,1,1,29.52,37,26.0027
3,0,1,1,33.62,21,16.9979
2,0,1,1,32.8,55,11.0014
4,0,1,1,17.22,77,0.0
1,0,0,1,14.76,62,8.9981
3,0,1,1,30.34,55,16.9979
3,0,1,1,21.32,72,0.0
2,0,1,1,10.66,65,7.0015
4,0,0,1,17.22,94,0.0
3,0,0,1,25.42,69,26.0027
2,0,1,2,20.5,77,16.9979
3,0,1,2,33.62,46,16.9979
3,0,1,1,23.78,88,7.0015
1,0,1,1,5.74,50,12.998
3,0,1,1,24.6,38,15.0013
2,0,1,3,26.24,65,16.9979
3,0,1,1,27.06,83,0.0
4,0,0,1,8.2,75,11.0014
4,0,0,1,19.68,67,22.0028
4,0,0,1,10.66,65,12.998
3,0,1,1,28.7,79,7.0015
4,0,0,1,16.4,82,12.998
1,0,1,2,11.48,100,15.0013
2,0,1,2,12.3,93,15.0013
2,0,0,1,22.96,56,0.0
2,0,1,1,13.12,61,15.0013
1,0,0,2,12.3,52,0.0
2,0,1,1,25.42,21,11.0014
3,0,1,1,27.06,34,22.0028
4,0,1,2,22.96,83,19.0012
1,0,1,2,18.04,77,0.0
1,0,1,2,17.22,77,12.998
4,0,0,3,13.94,76,7.0015
1,0,1,2,8.2,59,6.0032
2,0,1,1,21.32,59,8.9981
3,0,0,1,22.14,73,11.0014
3,0,1,1,32.8,52,23.9994
4,0,1,1,11.48,56,12.998
3,0,0,1,32.8,49,19.9995
3,0,0,1,22.14,64,0.0
2,0,0,1,21.32,34,15.0013
4,0,1,1,22.96,46,7.0015
2,0,0,1,15.58,46,26.0027
4,0,0,1,20.5,88,7.0015
1,0,0,2,13.12,36,12.998
4,0,1,1,17.22,50,8.9981
3,0,1,1,29.52,74,12.998
1,0,1,1,22.96,40,8.9981
3,0,0,1,28.7,48,15.0013
4,0,1,3,24.6,69,26.0027
1,0,1,2,14.76,57,8.9981
3,0,1,1,28.7,58,11.0014
2,0,0,2,27.06,74,8.9981
3,0,1,2,29.52,66,6.0032
1,0,0,2,14.76,71,16.9979
1,0,0,2,18.86,94,12.998
2,0,1,1,32.8,43,16.9979
3,0,1,1,22.14,77,0.0
3,1,0,1,34.44,53,8.9981
2,0,1,2,21.32,94,19.9995
2,0,1,1,26.24,23,16.9979
2,0,1,3,22.96,88,7.0015
1,0,1,1,12.3,39,8.9981
2,0,0,1,27.88,36,22.0028
3,0,1,1,30.34,58,22.0028
4,0,0,1,18.04,67,15.0013
3,0,1,1,28.7,58,30.0026
4,0,1,1,10.66,75,0.0
3,0,0,3,30.34,70,0.0
1,0,1,1,9.84,48,8.9981
3,0,1,3,22.14,83,26.0027
1,0,1,1,9.84,60,0.0
4,0,1,2,10.66,70,11.0014
3,0,0,1,34.44,56,11.0014
4,0,1,1,17.22,58,7.0015
2,0,1,1,20.5,51,12.998
3,0,0,1,36.9,37,16.9979
1,0,1,1,13.12,49,6.0032
1,0,1,2,8.2,40,15.0013
3,0,0,2,24.6,69,23.9994
4,0,0,2,11.48,48,16.9979
4,0,0,1,26.24,44,6.0032
2,0,1,2,22.96,64,8.9981
2,1,0,1,26.24,53,22.0028
3,0,1,2,31.98,52,16.9979
1,0,1,2,9.02,69,0.0
2,0,1,3,25.42,69,19.0012
2,0,1,1,24.6,69,16.9979
4,0,0,1,16.4,40,15.0013
2,0,1,2,25.42,73,7.0015
3,0,0,2,26.24,73,7.0015
4,0,1,1,13.12,31,23.9994
2,0,0,1,23.78,64,12.998
4,0,0,1,20.5,29,23.9994
1,0,1,1,8.2,47,22.0028
4,0,1,1,5.74,93,7.0015
1,0,1,1,9.84,75,6.0032
1,0,1,1,16.4,58,16.9979
4,0,1,1,23.78,46,0.0
2,0,0,2,18.04,77,19.0012
1,0,0,1,14.76,71,0.0
2,0,0,1,22.96,52,0.0
1,0,1,1,6.56,50,22.0028
1,0,0,2,7.38,80,11.0014
3,0,1,1,18.86,63,22.0028
4,0,1,2,20.5,72,23.9994
1,0,1,1,12.3,61,19.9995
3,0,1,2,35.26,34,12.998
2,0,0,1,22.96,30,19.9995
4,0,1,1,10.66,81,23.9994
1,0,1,1,25.42,61,16.9979
2,0,1,1,18.86,94,19.0012
2,0,0,1,16.4,76,7.0015
1,0,1,1,27.06,36,19.9995
4,0,1,1,18.86,38,11.0014
2,0,0,1,27.06,69,7.0015
1,0,1,1,9.02,69,19.0012
3,0,1,1,31.16,66,16.9979
4,0,1,3,18.86,59,19.9995
2,0,1,1,19.68,23,0.0
2,0,0,2,15.58,94,6.0032
2,0,1,2,21.32,87,19.0012
3,0,1,1,30.34,74,6.0032
3,0,0,1,18.86,82,6.0032
2,0,1,1,24.6,73,16.9979
1,0,1,1,15.58,37,15.0013
4,0,1,1,13.12,53,15.0013
3,0,0,1,27.06,89,6.0032
4,0,0,1,16.4,62,19.0012
3,0,0,1,32.8,49,19.9995
3,0,0,1,23.78,94,6.0032
2,0,0,1,24.6,88,6.0032
4,0,1,1,20.5,72,22.0028
3,0,1,1,27.88,79,0.0
2,0,1,1,24.6,46,16.9979
2,0,1,1,20.5,68,0.0
3,0,1,1,32.8,41,11.0014
4,0,1,3,22.14,100,8.9981
2,0,1,2,29.52,51,15.0013
2,0,1,1,23.78,88,15.0013
2,0,1,1,24.6,64,22.0028
3,1,0,2,27.06,89,7.0015
4,0,0,1,18.86,63,27.9993
2,0,1,1,24.6,43,0.0
3,0,0,2,27.88,69,0.0
2,0,0,2,26.24,27,23.9994
2,0,1,2,17.22,77,6.0032
3,0,1,1,26.24,78,11.0014
1,0,0,1,12.3,52,16.9979
1,0,1,2,8.2,44,0.0
3,0,1,1,29.52,70,8.9981
2,0,1,1,17.22,38,27.9993
1,0,1,1,5.74,59,0.0
4,0,1,2,21.32,77,6.0032
2,0,1,1,17.22,58,23.9994
1,0,1,1,14.76,46,31.0009
1,0,1,1,18.04,62,16.9979
3,0,1,2,22.96,68,7.0015
1,0,1,1,18.04,77,7.0015
3,0,0,1,27.06,69,7.0015
4,0,1,1,22.14,39,22.0028
4,0,0,1,22.96,78,12.998
2,0,0,2,21.32,100,0.0
2,0,0,2,22.14,94,0.0
1,0,0,1,16.4,32,19.9995
1,0,1,2,8.2,44,0.0
3,0,1,2,26.24,89,0.0
2,0,1,1,21.32,40,22.0028
2,0,1,1,13.94,49,12.998
2,0,0,2,15.58,87,6.0032
2,0,1,1,28.7,54,31.0009
1,0,1,1,9.02,80,12.998
4,0,1,1,25.42,53,23.9994
1,0,1,1,4.1,74,11.0014
4,0,1,1,12.3,42,16.9979
4,0,1,1,13.12,70,16.9979
3,0,1,1,35.26,30,22.0028
4,0,1,2,26.24,38,12.998
4,0,1,1,14.76,43,16.9979
2,0,1,1,18.86,41,19.0012
4,0,1,2,14.76,71,15.0013
4,0,1,2,20.5,72,15.0013
1,0,1,1,13.94,42,16.9979
3,0,1,2,25.42,100,11.0014
2,0,1,1,15.58,62,15.0013
3,0,1,2,30.34,62,6.0032
3,0,1,1,21.32,68,19.0012
3,0,1,1,35.26,36,16.9979
1,0,1,2,5.74,63,8.9981
1,0,1,2,8.2,51,7.0015
1,0,1,2,6.56,55,0.0
3,0,1,1,31.98,49,8.9981
2,0,1,1,27.88,36,27.9993
1,0,1,1,25.42,35,7.0015
1,0,1,2,7.38,37,22.0028
1,0,0,1,22.14,45,8.9981
1,0,0,2,10.66,70,12.998
2,0,1,2,20.5,72,12.998
4,0,1,1,12.3,49,7.0015
4,0,1,1,13.94,46,15.0013
1,0,1,1,10.66,44,23.9994
3,0,1,2,27.88,83,12.998
1,0,1,1,18.86,31,26.0027
3,0,1,1,30.34,51,12.998
2,0,1,1,24.6,73,6.0032
3,0,1,1,30.34,70,15.0013
4,0,1,1,14.76,29,26.0027
4,0,1,1,18.04,77,11.0014
4,0,0,1,9.84,87,0.0
1,0,1,1,8.2,44,16.9979
1,0,1,1,21.32,23,16.9979
3,0,1,1,32.8,46,23.9994
1,0,1,1,9.84,52,19.0012
2,0,0,1,28.7,79,7.0015
4,0,1,1,16.4,24,27.9993
2,0,1,1,22.96,64,23.9994
4,0,0,2,14.76,93,0.0
1,0,1,2,12.3,70,11.0014
4,0,1,2,25.42,88,0.0
2,0,1,3,22.96,88,0.0
4,0,1,1,8.2,72,7.0015
2,0,1,2,22.96,88,19.0012
1,1,0,2,6.56,47,15.0013
2,0,1,2,22.96,88,0.0
1,0,1,1,28.7,37,22.0028
2,0,1,1,24.6,40,30.0026
1,1,0,1,9.84,41,15.0013
1,0,1,3,11.48,93,11.0014
3,0,1,1,22.96,88,0.0
4,0,1,1,23.78,53,16.9979
2,0,1,1,22.96,30,0.0
1,0,1,1,14.76,50,8.9981
2,0,1,1,22.14,28,15.0013
2,0,0,1,22.14,49,12.998
3,0,1,1,29.52,39,15.0013
2,0,1,1,30.34,58,8.9981
4,0,1,2,25.42,83,11.0014
4,0,0,3,14.76,93,11.0014
1,1,0,2,7.38,43,12.998
2,0,0,1,21.32,77,8.9981
3,0,1,1,18.04,67,19.0012
4,0,1,3,25.42,94,7.0015
4,0,0,1,18.04,62,12.998
1,0,1,2,16.4,76,16.9979
3,0,1,1,27.88,83,6.0032
1,0,1,1,4.92,54,7.0015
4,0,1,1,21.32,83,0.0
1,0,1,1,23.78,32,16.9979
2,0,1,1,13.94,76,12.998
3,0,1,1,30.34,66,0.0
4,0,1,1,20.5,48,6.0032
2,0,1,1,22.96,37,27.9993
3,0,1,1,33.62,52,19.0012
4,0,1,3,24.6,94,6.0032
4,0,1,2,14.76,57,12.998
4,0,1,1,22.96,37,31.0009
4,0,0,2,14.76,100,7.0015
2,0,1,3,29.52,66,19.0012
4,0,0,3,17.22,67,16.9979
1,0,1,1,11.48,75,0.0
1,0,0,1,5.74,50,8.9981
4,0,1,2,24.6,73,11.0014
2,0,0,1,28.7,65,11.0014
2,0,1,2,26.24,89,12.998
3,0,1,2,28.7,58,16.9979
1,0,0,2,12.3,49,16.9979
3,0,0,2,18.86,77,12.998
1,0,1,1,8.2,59,0.0
4,0,1,2,18.86,88,6.0032
1,0,0,1,18.04,51,19.0012
3,0,1,1,33.62,41,0.0
2,0,1,1,26.24,47,7.0015
3,0,1,2,21.32,77,8.9981
1,0,1,1,16.4,43,23.9994
1,0,1,1,11.48,70,7.0015
4,0,0,1,12.3,81,6.0032
2,0,1,1,18.04,94,0.0
1,0,1,1,18.04,44,27.9993
2,0,0,2,21.32,94,6.0032
2,0,1,3,13.94,87,11.0014
4,0,0,1,8.2,47,11.0014
2,0,1,2,24.6,83,0.0
1,0,1,1,4.92,42,19.9995
1,0,0,3,6.56,93,7.0015
4,0,0,1,13.12,81,11.0014
1,0,1,2,8.2,47,8.9981
2,0,1,1,16.4,43,8.9981
4,0,1,1,22.96,94,12.998
2,0,1,1,20.5,51,12.998
3,0,0,3,32.8,49,56.9969
3,0,1,1,30.34,58,0.0
1,0,1,3,19.68,77,27.9993
2,0,1,2,21.32,83,8.9981
4,0,1,1,13.94,87,7.0015
4,0,1,2,14.76,66,19.9995
2,0,1,1,24.6,31,26.0027
4,0,0,2,14.76,62,8.9981
1,1,0,1,10.66,60,19.0012
1,0,1,1,4.92,54,0.0
1,0,1,2,13.94,42,16.9979
4,0,0,1,16.4,58,7.0015
4,0,1,2,14.76,100,0.0
4,0,0,1,15.58,71,6.0032
1,0,1,1,8.2,80,8.9981
1,0,0,1,12.3,49,22.0028
4,0,0,2,10.66,52,19.0012
3,0,0,2,31.98,55,12.998
4,0,1,2,11.48,93,0.0
4,0,0,3,14.76,93,15.0013
3,0,1,1,26.24,33,6.0032
1,0,1,2,5.74,86,11.0014
1,0,1,2,18.86,59,11.0014
3,1,0,1,33.62,41,0.0
1,0,0,1,18.04,44,11.0014
4,0,1,1,13.94,31,8.9981
2,0,1,1,25.42,41,15.0013
3,0,0,1,26.24,69,0.0
3,0,0,3,24.6,88,32.9975
2,0,0,2,15.58,82,8.9981
1,0,0,2,6.56,59,6.0032
2,0,0,2,24.6,73,16.9979
3,0,1,2,20.5,63,0.0
3,0,1,1,27.88,65,7.0015
1,0,1,2,9.02,87,7.0015
3,0,1,2,22.96,73,12.998
2,0,1,1,27.88,89,12.998
4,0,0,1,8.2,69,0.0
3,0,0,1,39.36,36,11.0014
4,0,1,2,21.32,48,16.9979
4,0,1,1,20.5,59,19.0012
1,0,1,2,13.94,87,16.9979
1,0,0,1,18.04,16,39.0007
4,0,0,1,9.84,70,11.0014
4,0,0,1,10.66,56,12.998
4,0,1,1,13.12,53,23.9994
3,0,0,2,26.24,78,7.0015
1,0,0,2,8.2,40,7.0015
3,1,0,2,27.88,89,11.0014
1,0,1,1,22.96,56,7.0015
2,0,0,2,22.96,83,8.9981
3,0,0,2,27.06,89,11.0014
2,0,1,1,13.12,61,19.0012
4,0,1,2,12.3,56,15.0013
2,0,1,2,22.96,68,23.9994
2,0,1,1,29.52,51,15.0013
3,0,1,3,28.7,84,0.0
1,0,1,1,13.12,49,19.0012
4,0,1,1,18.86,38,19.9995
4,0,1,2,18.86,88,7.0015
3,0,1,3,26.24,94,7.0015
3,0,0,1,31.98,62,7.0015
4,0,1,1,14.76,93,0.0
2,0,1,1,22.14,56,11.0014
2,0,0,1,17.22,54,8.9981
4,0,0,1,13.94,87,7.0015
2,0,1,3,20.5,88,32.9975
4,0,1,2,13.94,71,19.9995
1,0,1,1,8.2,44,35.0008
1,0,1,1,5.74,31,6.0032
2,0,1,1,29.52,42,6.0032
4,0,1,1,17.22,71,6.0032
3,0,0,2,27.06,89,11.0014
3,0,1,1,33.62,46,12.998
1,0,1,1,10.66,70,12.998
3,1,0,1,32.8,46,0.0
4,0,1,1,12.3,87,0.0
4,0,1,2,18.04,88,11.0014
2,0,1,2,32.8,41,19.9995
2,0,1,1,29.52,62,11.0014
1,0,0,3,9.84,87,15.0013
4,0,1,1,16.4,35,16.9979
4,0,0,1,23.78,35,16.9979
3,0,1,1,29.52,70,6.0032
4,0,1,2,12.3,56,0.0
1,0,1,1,9.84,38,40.9973
3,0,1,1,19.68,67,6.0032
2,0,1,1,26.24,78,12.998
3,0,0,1,31.98,46,19.9995
2,0,0,2,27.06,78,8.9981
3,0,1,2,21.32,52,11.0014
1,0,0,2,13.12,39,16.9979
1,0,1,1,5.74,50,23.9994
3,0,0,1,29.52,30,19.0012
2,0,1,1,22.14,83,8.9981
3,0,1,3,24.6,94,12.998
3,0,1,1,36.9,31,11.0014
4,0,0,1,13.94,34,23.9994
2,0,1,1,20.5,22,31.0009
2,0,0,2,18.86,88,39.0007
4,0,1,3,14.76,87,11.0014
4,0,0,1,9.02,75,8.9981
3,0,0,3,24.6,88,32.9975
4,0,0,1,18.04,47,8.9981
4,0,1,3,12.3,56,16.9979
4,0,1,1,18.04,88,0.0
4,0,1,3,18.86,94,8.9981
2,0,1,2,24.6,53,23.9994
1,0,0,2,14.76,93,6.0032
4,0,0,1,17.22,77,19.0012
3,0,0,1,29.52,74,16.9979
4,0,1,2,21.32,94,6.0032
1,0,1,1,1.64,38,19.9995
4,0,1,1,12.3,87,6.0032
1,1,0,1,10.66,52,22.0028
2,0,1,1,21.32,94,6.0032
3,0,1,2,26.24,78,8.9981
4,0,1,1,14.76,76,8.9981
4,0,1,1,13.12,81,8.9981
1,0,0,1,4.1,39,30.0026
4,0,0,2,12.3,70,11.0014
1,1,0,1,10.66,56,19.0012
4,0,1,1,13.12,81,12.998
2,0,0,1,27.06,69,12.998
1,0,0,1,10.66,60,15.0013
2,0,1,1,15.58,66,16.9979
2,0,0,1,18.04,33,19.9995
3,0,1,1,29.52,66,0.0
1,0,1,3,9.84,87,7.0015
4,0,1,2,13.94,61,22.0028
1,0,1,1,6.56,47,15.0013
1,0,1,2,8.2,86,0.0
2,0,1,1,19.68,31,16.9979
4,0,0,1,8.2,59,0.0
4,0,1,1,9.84,60,7.0015
2,0,1,2,21.32,83,11.0014
4,1,0,1,13.12,57,22.0028
3,0,0,1,28.7,84,7.0015
2,0,1,1,23.78,60,8.9981
3,0,1,2,28.7,79,12.998
2,0,1,1,28.7,37,30.0026
3,1,0,1,30.34,66,11.0014
3,0,0,3,26.24,73,0.0
1,0,1,1,13.94,49,7.0015
2,0,0,1,30.34,33,6.0032
3,0,1,1,27.88,61,6.0032
3,0,1,2,32.8,52,12.998
2,0,1,1,23.78,53,8.9981
1,0,1,1,12.3,56,22.0028
4,0,0,1,11.48,46,11.0014
4,0,1,1,16.4,71,0.0
3,0,1,2,29.52,51,0.0
1,0,1,1,7.38,59,0.0
2,0,0,1,12.3,65,12.998
3,0,1,2,23.78,64,11.0014
1,0,1,2,5.74,43,16.9979
2,0,1,1,17.22,41,19.9995
1,0,1,1,9.02,55,16.9979
2,0,1,1,22.14,52,27.9993
3,0,1,2,24.6,69,27.9993
1,0,1,2,8.2,86,11.0014
4,1,0,1,13.94,81,12.998
4,0,1,2,13.94,42,0.0
1,0,0,1,9.84,81,8.9981
4,0,1,2,10.66,60,19.0012
3,0,1,2,24.6,88,12.998
3,0,1,1,29.52,74,19.9995
1,0,1,1,9.84,30,31.0009
2,0,1,1,27.88,51,7.0015
1,0,0,2,18.04,77,19.9995
1,0,1,2,8.2,69,0.0
2,0,1,1,28.7,58,11.0014
1,0,1,1,11.48,36,0.0
1,0,0,1,14.76,66,8.9981
2,0,1,1,21.32,20,23.9994
3,0,0,1,26.24,41,11.0014
1,0,0,1,23.78,37,19.9995
2,0,0,1,16.4,58,8.9981
1,0,1,1,18.86,94,15.0013
2,0,1,1,22.14,32,11.0014
4,0,1,1,13.12,66,12.998
2,0,1,1,13.94,66,15.0013
2,0,0,1,33.62,49,7.0015
2,0,1,2,22.14,45,12.998
4,0,1,1,25.42,57,16.9979
1,0,0,1,10.66,65,15.0013
2,0,1,2,28.7,61,0.0
1,0,0,1,12.3,36,32.9975
1,0,0,1,18.04,41,27.9993
2,0,0,3,21.32,83,11.0014
2,0,1,1,23.78,83,27.9993
1,0,0,2,9.84,93,7.0015
3,0,1,1,31.16,48,15.0013
3,0,0,1,28.7,70,19.0012
2,0,1,3,13.94,93,23.9994
1,0,1,2,15.58,76,22.0028
4,0,0,1,18.86,51,6.0032
1,0,1,1,13.94,49,15.0013
2,0,1,1,27.88,65,11.0014
1,0,1,1,18.86,63,30.0026
3,0,1,1,29.52,62,6.0032
2,0,1,1,22.96,88,12.998
3,0,1,1,30.34,66,11.0014
1,1,0,2,8.2,47,11.0014
1,0,0,1,18.86,33,27.9993
1,0,1,1,13.12,36,26.0027
3,0,1,1,28.7,84,0.0
1,0,1,1,20.5,51,16.9979
4,0,1,1,12.3,36,11.0014
1,0,1,1,5.74,33,19.9995
3,0,0,1,22.14,64,8.9981
1,0,0,1,4.92,80,0.0
3,0,1,3,27.06,89,16.9979
2,0,1,2,31.16,48,22.0028
1,0,1,1,18.04,72,19.0012
3,0,1,1,30.34,55,22.0028
2,0,1,2,21.32,88,11.0014
4,0,1,3,14.76,87,19.0012
4,0,1,1,10.66,56,19.9995
1,0,0,1,10.66,44,22.0028
3,0,1,1,24.6,78,7.0015
2,0,1,1,18.04,62,7.0015
1,0,1,1,0.82,44,12.998
4,0,1,2,22.96,83,8.9981
3,0,1,1,33.62,52,11.0014
3,0,1,2,20.5,51,19.0012
1,0,1,1,9.84,70,8.9981
4,0,1,1,14.76,50,11.0014
1,0,1,1,12.3,81,0.0
1,0,1,1,4.92,54,8.9981
4,0,0,2,17.22,71,0.0
4,0,1,1,21.32,63,0.0
3,0,0,1,32.8,46,19.9995
2,0,1,1,17.22,44,12.998
4,0,1,1,14.76,71,8.9981
1,0,1,1,7.38,37,35.0008
4,0,1,3,22.14,94,26.0027
1,0,1,1,15.58,54,7.0015
1,0,0,2,14.76,93,12.998
3,0,1,1,29.52,54,11.0014
2,0,1,2,20.5,51,26.0027
3,0,1,2,31.98,52,11.0014
3,0,0,1,22.14,64,0.0
1,0,1,2,12.3,70,12.998
3,0,1,3,22.14,88,19.9995
1,0,1,1,9.84,30,31.0009
4,0,1,1,16.4,43,19.0012
2,0,1,2,25.42,73,6.0032
4,0,1,1,15.58,87,0.0
1,0,0,2,17.22,94,11.0014
3,0,1,1,35.26,36,16.9979
3,0,1,1,27.88,65,8.9981
2,0,1,2,32.8,41,27.9993
4,0,1,1,18.04,67,12.998
4,0,0,2,18.04,54,16.9979
3,0,0,1,28.7,84,15.0013
4,0,1,1,20.5,77,6.0032
1,0,1,1,4.1,58,8.9981
4,0,1,2,22.14,100,7.0015
4,0,1,1,14.76,81,6.0032
3,0,1,2,31.16,66,7.0015
3,0,1,1,26.24,65,12.998
2,0,0,1,18.86,82,7.0015
3,0,0,1,27.06,61,0.0
2,0,1,2,26.24,57,12.998
3,0,1,1,29.52,54,12.998
1,0,1,1,17.22,38,16.9979
3,0,0,1,18.04,77,16.9979
2,0,1,1,14.76,71,7.0015
4,0,1,1,13.12,93,7.0015
2,0,0,2,22.14,56,12.998
4,0,1,1,9.02,44,11.0014
3,1,0,1,27.06,69,0.0
1,0,1,1,4.92,74,8.9981
2,0,0,1,28.7,54,0.0
1,0,0,1,10.66,41,12.998
1,0,1,1,12.3,52,31.0009
4,0,1,2,15.58,87,6.0032
1,0,1,1,6.56,43,35.0008
4,0,1,1,14.76,34,12.998
4,0,1,1,15.58,83,16.9979
1,0,1,3,9.02,75,11.0014
3,0,1,1,32.8,33,7.0015
3,0,1,1,32.8,41,8.9981
2,0,0,1,20.5,72,12.998
1,0,1,2,7.38,51,11.0014
1,0,1,1,8.2,44,6.0032
3,0,0,2,32.8,55,11.0014
3,0,0,1,31.16,45,19.0012
1,0,0,2,12.3,93,11.0014
4,0,1,3,13.12,66,22.0028
3,0,1,1,33.62,56,19.9995
1,0,1,3,12.3,45,19.9995
1,0,1,1,13.12,66,6.0032
1,0,1,1,22.14,37,30.0026
2,0,1,2,16.4,87,12.998
2,0,1,1,22.96,73,19.9995
2,0,0,1,18.86,77,12.998
2,0,0,2,20.5,82,7.0015
2,0,1,1,30.34,45,12.998
1,0,0,1,9.84,70,0.0
2,0,0,2,14.76,57,11.0014
3,0,0,1,32.8,49,23.9994
2,0,1,1,22.96,46,0.0
3,1,0,1,27.06,89,0.0
3,0,1,2,31.16,70,11.0014
2,0,0,1,24.6,56,8.9981
2,0,1,1,22.14,30,16.9979
4,0,0,2,15.58,82,7.0015
4,0,1,3,25.42,94,8.9981
1,0,1,2,22.96,49,30.0026
2,0,1,2,16.4,94,16.9979
3,0,0,1,29.52,66,15.0013
4,0,0,1,21.32,45,8.9981
2,0,1,1,36.9,42,0.0
2,0,1,2,21.32,59,8.9981
2,0,0,1,24.6,40,7.0015
4,0,1,2,16.4,82,0.0
4,0,0,1,8.2,69,7.0015
4,0,1,1,17.22,71,30.0026
4,0,0,2,10.66,93,16.9979
3,0,1,1,26.24,78,8.9981
1,0,1,1,8.2,47,0.0
4,0,1,1,19.68,48,0.0
4,0,1,1,9.84,60,12.998
1,0,1,1,15.58,46,12.998
1,0,1,1,18.04,72,11.0014
4,0,1,2,13.94,66,7.0015
3,0,1,1,29.52,62,0.0
1,0,1,2,10.66,93,7.0015
2,0,0,1,23.78,83,16.9979
1,0,1,2,8.2,40,7.0015
4,0,1,1,28.7,65,0.0
2,0,1,1,24.6,26,26.0027
3,0,0,1,30.34,74,7.0015
4,0,1,2,20.5,63,19.9995
2,0,1,2,22.14,94,6.0032
3,0,1,2,22.96,68,8.9981
2,0,1,1,24.6,43,6.0032
3,0,1,1,30.34,51,15.0013
3,0,1,2,29.52,54,27.9993
1,0,0,2,16.4,30,27.9993
1,0,1,3,16.4,82,6.0032
1,0,0,2,12.3,100,8.9981
1,0,1,1,13.94,53,12.998
1,0,1,2,9.84,87,11.0014
2,0,1,1,14.76,76,12.998
3,0,1,1,30.34,51,11.0014
2,0,1,1,32.8,55,16.9979
1,0,1,1,21.32,77,15.0013
4,0,1,2,13.94,53,19.9995
3,0,1,1,28.7,84,8.9981
4,0,0,1,26.24,44,12.998
4,0,1,1,13.12,33,0.0
4,0,1,1,13.12,87,0.0
3,0,1,1,16.4,71,16.9979
2,0,1,2,27.88,44,27.9993
1,0,1,1,10.66,52,30.0026
1,0,1,2,12.3,93,12.998
1,0,1,2,13.94,71,19.0012
2,0,1,2,20.5,72,15.0013
2,0,1,1,18.86,44,16.9979
1,0,1,1,17.22,47,31.0009
1,0,1,1,8.2,59,12.998
1,0,1,1,9.84,60,8.9981
3,0,1,2,27.88,89,6.0032
1,0,1,2,6.56,50,23.9994
1,0,1,1,16.4,43,16.9979
3,0,1,1,35.26,44,19.9995
3,0,1,1,31.98,43,12.998
2,0,1,1,22.96,83,7.0015
4,1,0,1,13.94,81,7.0015
2,0,1,1,18.86,59,7.0015
2,0,1,1,17.22,77,11.0014
2,0,1,1,31.16,48,16.9979
1,0,1,2,9.02,87,6.0032
3,0,1,1,29.52,42,15.0013
1,0,1,1,9.84,60,15.0013
3,0,0,1,27.06,78,12.998
1,0,1,1,16.4,54,19.0012
3,0,1,1,27.88,57,11.0014
4,0,1,2,21.32,52,22.0028
1,0,1,1,8.2,25,16.9979
3,0,0,1,33.62,63,0.0
2,0,1,1,21.32,27,27.9993
3,0,1,1,33.62,52,8.9981
3,0,0,1,37.72,37,15.0013
3,0,1,1,31.16,66,11.0014
4,0,1,2,13.12,53,8.9981
1,0,0,2,17.22,88,23.9994
4,0,1,1,18.04,88,6.0032
2,0,1,1,37.72,40,15.0013
1,0,0,1,12.3,28,32.9975
1,0,1,1,17.22,94,8.9981
3,0,0,1,24.6,88,0.0
1,0,1,1,13.12,43,11.0014
2,0,1,1,29.52,51,26.0027
4,0,1,1,18.04,41,22.0028
2,0,1,3,22.96,88,8.9981
2,0,1,1,21.32,77,11.0014
2,0,1,1,11.48,56,12.998
4,0,0,2,14.76,87,8.9981
4,0,0,1,18.86,82,0.0
1,0,1,1,13.94,46,43.9989
4,0,1,2,19.68,82,8.9981
4,0,1,1,8.2,75,12.998
4,0,1,2,16.4,62,27.9993
2,0,1,1,22.96,43,15.0013
2,0,1,2,28.7,58,15.0013
1,0,1,3,14.76,93,16.9979
1,0,1,2,5.74,46,16.9979
4,0,1,1,13.12,70,12.998
4,0,1,2,18.04,67,16.9979
1,0,0,1,10.66,81,7.0015
1,0,1,2,13.94,53,15.0013
2,0,1,1,18.86,36,8.9981
3,0,0,1,29.52,84,8.9981
2,0,0,1,23.78,49,8.9981
2,0,1,2,34.44,39,22.0028
2,0,1,1,13.94,36,27.9993
4,0,1,1,17.22,62,8.9981
2,0,1,2,27.06,74,19.0012
3,0,1,1,32.8,36,6.0032
2,0,1,1,27.06,89,8.9981
2,0,1,2,23.78,83,6.0032
1,0,1,2,9.84,85,7.0015
3,0,0,1,22.14,60,0.0
4,0,0,1,25.42,50,8.9981
1,0,0,1,18.04,54,19.9995
4,0,0,2,14.76,87,8.9981
2,0,0,2,20.5,88,8.9981
4,0,1,1,18.04,54,11.0014
2,0,0,3,20.5,88,31.0009
2,0,1,2,22.14,83,15.0013
4,0,0,1,14.76,57,6.0032
3,0,1,1,28.7,74,7.0015
1,0,1,1,17.22,38,19.9995
3,0,0,1,36.9,37,15.0013
1,0,0,3,17.22,100,30.0026
4,0,1,1,14.76,34,8.9981
2,0,1,1,21.32,77,6.0032
1,0,1,1,14.76,50,11.0014
4,0,0,1,14.76,81,6.0032
4,0,0,1,9.84,70,15.0013
2,0,1,1,19.68,55,16.9979
4,0,0,1,13.12,53,0.0
4,0,0,1,10.66,48,26.0027
2,0,1,1,31.16,22,35.0008
4,0,1,1,15.58,46,26.0027
4,0,1,1,18.86,55,0.0
1,0,1,2,10.66,52,0.0
1,0,0,1,10.66,41,0.0
1,0,0,2,18.86,82,11.0014
3,0,1,1,24.6,73,6.0032
1,0,0,2,18.04,67,16.9979
3,0,0,1,26.24,69,15.0013
2,0,1,1,17.22,47,19.9995
4,0,1,2,18.86,72,6.0032
4,0,0,3,14.76,81,6.0032
1,0,0,3,9.02,93,7.0015
3,0,0,1,27.88,57,0.0
4,0,0,1,10.66,87,7.0015
1,0,1,1,20.5,48,19.0012
2,0,1,1,34.44,44,8.9981
2,0,1,1,17.22,30,19.0012
1,0,1,1,8.2,47,27.9993
3,0,1,3,26.24,83,0.0
4,1,0,1,13.94,53,16.9979
1,0,0,1,13.94,42,23.9994
4,0,1,2,29.52,58,0.0
1,0,1,1,14.76,23,12.998
2,0,0,1,26.24,53,6.0032
3,0,1,2,29.52,74,0.0
1,0,1,1,25.42,38,43.9989
1,0,1,2,13.12,70,11.0014
3,0,0,3,26.24,89,0.0
4,0,1,1,22.14,37,23.9994
3,0,1,1,26.24,89,8.9981
2,0,1,2,29.52,58,12.998
3,0,1,1,35.26,41,8.9981
2,0,1,1,22.96,52,8.9981
1,0,1,1,13.12,33,19.9995
2,0,1,1,25.42,41,32.9975
4,0,0,2,15.58,87,12.998
2,0,1,1,22.14,68,6.0032
2,0,1,1,28.7,65,6.0032
1,0,1,1,9.84,35,12.998
4,0,1,2,15.58,43,19.9995
1,0,1,2,12.3,93,11.0014
1,1,0,1,9.84,35,0.0
2,0,0,1,26.24,50,0.0
3,0,1,1,34.44,49,19.0012
1,0,1,1,13.12,45,0.0
4,0,1,2,22.96,64,19.0012
1,0,1,2,13.94,42,35.0008
2,0,1,2,29.52,84,6.0032
3,0,1,1,31.16,52,12.998
2,0,1,1,27.06,61,12.998
2,0,1,2,17.22,77,0.0
2,0,1,2,27.06,50,12.998
1,0,1,2,9.84,70,15.0013
1,0,1,1,12.3,49,8.9981
2,0,1,2,16.4,100,19.9995
2,0,0,1,25.42,41,16.9979
1,0,1,1,5.74,50,8.9981
1,0,1,1,18.04,44,15.0013
2,0,0,1,20.5,34,26.0027
3,0,1,1,29.52,74,6.0032
2,0,1,2,22.96,94,12.998
4,0,1,3,25.42,94,0.0
4,0,1,1,14.76,81,0.0
3,0,1,1,16.4,71,19.0012
3,0,1,2,29.52,74,8.9981
2,0,1,1,32.8,55,15.0013
1,0,1,1,14.76,50,0.0
3,0,0,1,29.52,79,8.9981
1,0,1,1,13.12,39,0.0
1,0,0,2,10.66,65,19.0012
4,0,0,1,14.76,50,6.0032
3,0,0,1,18.86,82,11.0014
3,0,1,1,31.16,45,7.0015
2,0,0,1,30.34,55,8.9981
3,1,0,1,36.9,37,11.0014
2,0,1,2,24.6,73,12.998
3,0,1,1,30.34,66,12.998
3,0,1,1,33.62,43,7.0015
2,0,1,2,26.24,53,16.9979
1,0,1,2,13.12,62,0.0
3,0,0,1,27.06,78,15.0013
3,0,1,2,27.06,65,15.0013
4,0,0,1,15.58,62,15.0013
1,0,1,1,14.76,66,8.9981
2,0,0,1,26.24,38,16.9979
1,0,1,1,7.38,55,12.998
2,0,0,1,17.22,44,30.0026
4,0,1,1,13.12,53,16.9979
2,0,1,2,21.32,68,22.0028
2,0,1,2,13.12,49,19.9995
4,0,1,1,22.96,37,11.0014
4,0,1,2,21.32,88,7.0015
3,0,1,3,27.06,89,19.9995
1,0,0,2,18.86,94,22.0028
3,0,0,3,30.34,74,8.9981
2,0,1,2,22.14,88,16.9979
3,0,1,2,27.06,57,12.998
4,0,1,2,17.22,100,15.0013
1,0,1,1,24.6,35,19.0012
4,0,1,2,18.04,47,23.9994
3,0,0,1,33.62,52,30.0026
1,0,1,1,22.96,60,6.0032
4,0,1,1,22.96,56,19.9995
2,0,0,1,28.7,39,26.0027
4,1,0,1,11.48,45,22.0028
1,0,1,1,8.2,59,15.0013
1,0,1,1,9.02,64,6.0032
2,0,0,1,29.52,39,23.9994
2,0,1,1,25.42,41,12.998
2,0,1,2,9.84,93,16.9979
3,0,1,2,31.16,45,8.9981
3,0,1,2,29.52,74,0.0
2,0,0,2,21.32,100,0.0
3,0,1,1,28.7,74,16.9979
4,0,1,1,9.84,70,7.0015
1,0,0,2,13.94,93,12.998
3,0,1,1,31.16,55,0.0
3,0,1,1,22.14,60,23.9994
3,0,1,1,22.14,77,0.0
3,0,0,1,32.8,49,22.0028
1,0,1,1,8.2,44,16.9979
3,0,1,3,28.7,84,7.0015
3,0,0,1,27.06,54,15.0013
2,0,0,1,26.24,57,15.0013
1,0,0,1,21.32,27,19.9995
3,0,0,1,31.98,66,8.9981
3,0,1,1,33.62,46,11.0014
1,0,1,1,8.2,51,12.998
1,0,1,1,4.1,42,0.0
3,0,0,1,33.62,52,11.0014
4,0,0,1,9.84,56,16.9979
4,0,1,1,18.04,77,0.0
4,0,0,1,21.32,77,0.0
1,0,0,3,4.1,68,26.0027
4,1,0,1,14.76,37,27.9993
2,0,1,2,19.68,77,35.0008
4,0,0,2,12.3,87,6.0032
1,0,1,1,20.5,42,12.998
1,0,1,1,11.48,36,11.0014
2,0,1,2,13.94,49,22.0028
2,0,0,1,14.76,71,11.0014
4,0,1,1,17.22,62,12.998
4,0,0,1,22.96,83,11.0014
4,0,0,1,25.42,35,0.0
3,0,1,1,26.24,83,7.0015
2,0,1,1,30.34,56,8.9981
2,0,0,1,23.78,64,7.0015
1,0,1,2,25.42,43,43.0006
2,0,1,1,21.32,55,7.0015
3,0,1,1,31.16,75,12.998
1,0,1,1,10.66,65,8.9981
2,0,1,1,28.7,54,8.9981
4,0,1,2,20.5,88,7.0015
2,0,1,1,24.6,33,27.9993
2,0,1,1,19.68,63,16.9979
4,0,1,2,18.86,59,32.9975
4,0,1,1,13.12,61,8.9981
4,0,0,1,18.86,88,6.0032
3,0,1,1,30.34,70,12.998
1,0,1,1,21.32,23,19.9995
1,0,0,1,18.04,44,27.9993
2,1,0,1,23.78,68,12.998
3,0,1,1,26.24,61,11.0014
4,0,0,1,17.22,38,12.998
1,0,1,1,17.22,62,15.0013
1,0,1,1,17.22,77,11.0014
3,0,0,1,26.24,83,6.0032
3,0,1,1,31.16,52,7.0015
2,0,1,1,15.58,66,19.0012
3,0,1,1,32.8,43,12.998
1,0,0,1,4.92,36,26.0027
1,0,1,2,9.84,70,11.0014
3,0,0,1,34.44,59,12.998
2,0,1,1,28.7,61,12.998
2,0,1,1,15.58,43,19.0012
2,0,0,2,20.5,88,8.9981
3,0,1,1,31.98,55,15.0013
4,0,1,2,14.76,81,12.998
3,0,1,2,27.88,79,7.0015
3,0,1,1,29.52,74,19.0012
2,0,0,2,32.8,46,19.0012
3,0,0,2,26.24,65,0.0
3,0,1,1,34.44,32,12.998
2,0,0,1,24.6,49,0.0
4,0,1,1,9.84,75,0.0
4,0,1,3,18.04,88,19.0012
1,0,1,2,13.12,87,19.0012
2,0,1,1,27.06,65,16.9979
4,0,1,2,15.58,58,11.0014
3,1,0,1,28.7,61,7.0015
4,0,1,1,14.76,50,16.9979
3,0,1,1,30.34,48,8.9981
1,0,1,1,16.4,65,12.998
3,0,1,1,27.88,69,7.0015
4,0,1,2,14.76,87,6.0032
3,0,1,1,31.98,46,16.9979
3,0,1,3,27.06,89,16.9979
1,0,0,1,10.66,35,27.9993
3,0,0,2,29.52,70,6.0032
2,0,1,1,21.32,68,0.0
3,0,0,3,28.7,84,19.0012
4,0,1,3,23.78,83,7.0015
3,0,1,1,21.32,48,11.0014
3,0,1,2,33.62,46,16.9979
1,0,1,1,18.04,94,0.0
3,0,1,1,33.62,43,15.0013
1,0,1,1,9.02,55,12.998
4,0,0,2,17.22,71,23.9994
2,0,1,2,20.5,42,15.0013
2,0,1,3,27.06,83,12.998
1,0,1,1,7.38,47,27.9993
2,0,1,2,18.86,88,15.0013
4,1,0,1,15.58,37,36.9974
1,0,0,1,9.84,75,0.0
1,0,1,1,13.94,53,11.0014
1,0,1,2,17.22,94,0.0
1,0,1,2,13.94,76,22.0028
4,0,1,1,22.96,52,12.998
4,0,1,2,14.76,53,23.9994
4,0,0,2,15.58,66,16.9979
2,0,1,2,27.06,89,19.0012
4,0,0,1,21.32,48,27.9993
4,0,1,3,22.14,94,19.9995
3,1,0,2,31.98,43,6.0032
3,0,0,1,36.08,40,26.0027
1,0,1,1,13.94,46,35.0008
2,1,0,1,25.42,69,15.0013
1,0,1,2,24.6,43,12.998
1,0,0,2,10.66,81,19.0012
3,0,1,1,24.6,78,11.0014
4,0,1,1,12.3,87,0.0
1,0,1,1,26.24,53,15.0013
3,0,0,1,30.34,40,8.9981
1,0,0,2,17.22,88,7.0015
3,0,1,1,27.88,79,6.0032
3,0,0,1,28.7,84,11.0014
4,0,0,1,24.6,43,35.0008
3,0,1,1,31.16,55,16.9979
2,0,1,1,26.24,31,23.9994
1,0,0,1,16.4,35,23.9994
2,0,1,1,22.96,52,27.9993
1,0,1,1,18.86,24,26.0027
1,0,1,1,6.56,86,7.0015
2,0,0,2,29.52,58,8.9981
1,0,1,1,26.24,38,46.0022
2,0,1,1,25.42,53,11.0014
3,0,1,1,34.44,53,22.0028
3,0,0,1,36.9,42,19.9995
2,0,1,1,13.12,53,8.9981
4,0,1,3,26.24,89,0.0
2,0,0,3,16.4,87,23.9994
1,0,1,1,14.76,43,16.9979
2,0,1,3,22.96,60,11.0014
4,0,0,1,13.12,81,8.9981
3,0,1,2,31.16,66,0.0
3,0,0,1,29.52,74,6.0032
2,0,1,3,14.76,76,19.0012
2,0,1,1,18.04,77,11.0014
4,0,0,1,12.3,81,0.0
1,0,1,2,9.02,60,6.0032
3,0,1,3,25.42,100,6.0032
4,0,0,1,10.66,35,0.0
4,0,0,1,17.22,38,16.9979
1,0,1,1,10.66,65,6.0032
2,0,1,1,19.68,36,30.0026
4,0,1,2,12.3,65,6.0032
1,0,0,2,18.86,82,7.0015
3,0,1,1,25.42,61,8.9981
2,0,1,2,23.78,60,26.0027
4,0,1,2,14.76,81,11.0014
4,0,0,1,14.76,43,15.0013
2,0,1,2,28.7,84,0.0
4,0,1,2,11.48,93,0.0
4,0,0,2,13.94,76,7.0015
4,0,1,3,14.76,100,6.0032
4,0,0,1,13.94,81,0.0
1,0,1,3,9.02,55,0.0
1,0,0,1,18.04,44,15.0013
4,0,1,3,23.78,88,8.9981
1,0,1,3,13.12,70,7.0015
1,0,1,1,24.6,60,26.0027
4,0,1,2,14.76,57,6.0032
2,0,1,1,22.96,83,11.0014
3,0,1,1,27.06,50,11.0014
1,0,1,1,12.3,81,15.0013
2,0,1,1,18.86,67,19.0012
1,0,1,1,8.2,47,6.0032
1,0,0,3,14.76,93,0.0
1,0,0,1,17.22,19,40.9973
3,0,1,1,32.8,49,7.0015
1,0,1,1,13.94,53,22.0028
1,0,0,1,12.3,45,22.0028
3,0,1,1,32.8,59,8.9981
4,0,1,2,14.76,93,8.9981
1,0,1,1,9.02,55,27.9993
4,0,0,2,12.3,87,0.0
2,0,1,1,20.5,72,7.0015
3,0,0,1,30.34,62,7.0015
4,0,0,1,25.42,69,19.0012
2,0,0,2,12.3,93,15.0013
3,0,1,3,24.6,94,12.998
3,0,0,1,27.88,79,15.0013
2,0,0,2,14.76,81,8.9981
2,0,1,1,13.94,49,16.9979
1,0,1,1,9.02,41,19.0012
2,0,0,2,18.86,82,0.0
1,0,0,2,6.56,59,0.0
1,0,0,1,21.32,72,6.0032
4,0,1,1,17.22,82,0.0
1,0,1,1,6.56,47,19.9995
1,1,0,1,14.76,43,27.9993
3,0,1,2,30.34,70,11.0014
4,0,1,1,18.04,77,7.0015
2,0,1,1,28.7,45,11.0014
3,0,1,1,18.86,55,16.9979
3,0,1,1,37.72,29,0.0
1,0,1,1,19.68,39,15.0013
2,0,1,1,18.86,82,6.0032
1,0,0,1,9.84,48,15.0013
3,1,0,1,26.24,83,0.0
4,0,1,3,13.12,81,22.0028
1,0,1,1,6.56,55,30.0026
3,0,1,1,31.16,55,16.9979
3,0,1,1,30.34,51,15.0013
2,0,1,1,22.14,34,19.9995
3,0,0,1,29.52,74,15.0013
4,0,0,2,10.66,75,6.0032
3,0,1,1,26.24,73,15.0013
1,0,1,1,19.68,72,12.998
3,0,1,1,30.34,66,11.0014
4,0,1,1,18.86,82,12.998
4,0,1,2,22.14,60,8.9981
3,0,0,1,32.8,55,32.9975
4,0,1,2,13.12,57,6.0032
3,0,1,1,25.42,50,8.9981
1,0,1,1,4.1,74,11.0014
3,0,1,1,26.24,78,11.0014
3,0,0,1,39.36,31,23.9994
1,0,0,1,10.66,56,0.0
1,0,1,1,15.58,43,35.0008
1,0,1,1,21.32,55,26.0027
4,0,1,2,14.76,62,11.0014
4,0,1,1,14.76,46,12.998
4,0,1,1,9.02,51,19.9995
4,0,1,1,22.96,60,7.0015
3,0,1,1,36.08,32,15.0013
3,0,0,1,27.06,78,11.0014
4,0,0,1,18.04,54,8.9981
3,0,1,1,27.88,82,8.9981
2,0,1,1,23.78,60,15.0013
4,0,0,2,13.94,81,11.0014
1,0,1,1,5.74,63,8.9981
2,0,1,2,24.6,78,16.9979
3,0,1,1,36.08,28,7.0015
2,0,1,1,27.88,41,7.0015
3,0,1,1,31.98,40,11.0014
4,0,0,2,10.66,56,19.0012
2,1,0,1,18.04,62,19.9995
1,0,0,1,10.66,75,7.0015
4,0,1,1,13.94,53,6.0032
2,0,0,1,20.5,72,12.998
1,0,1,1,7.38,59,8.9981
2,0,1,1,9.84,70,8.9981
1,0,1,2,11.48,96,8.9981
1,0,0,1,22.14,68,11.0014
2,0,0,3,18.86,94,35.0008
3,0,0,1,31.16,52,11.0014
4,0,1,1,14.76,57,15.0013
2,0,1,2,24.6,73,22.0028
3,0,1,2,30.34,55,12.998
4,0,0,1,24.6,33,31.0009
2,0,1,1,18.04,62,16.9979
3,0,1,2,31.98,62,11.0014
2,0,1,1,15.58,58,16.9979
4,0,1,3,18.86,100,15.0013
1,0,1,2,16.4,71,19.0012
4,0,1,2,16.4,76,7.0015
2,0,0,1,22.96,88,0.0
4,0,1,1,22.14,77,0.0
1,0,1,2,16.4,87,11.0014
1,0,1,1,25.42,29,39.0007
2,0,1,2,25.42,73,6.0032
2,0,1,2,18.86,88,8.9981
2,0,1,1,22.96,21,35.0008
3,0,1,1,27.06,83,6.0032
1,0,0,1,4.1,42,31.0009
3,0,1,2,26.24,94,15.0013
2,0,1,1,21.32,88,15.0013
3,0,0,1,26.24,57,19.9995
3,0,1,1,28.7,79,6.0032
4,0,0,1,12.3,52,19.0012
2,0,1,2,29.52,48,7.0015
1,1,0,1,16.4,40,31.0009
1,0,1,2,12.3,93,7.0015
2,0,0,1,27.06,44,19.0012
3,0,1,1,24.6,83,6.0032
1,0,1,2,9.84,75,8.9981
1,0,1,1,12.3,39,32.9975
1,0,1,1,27.06,36,22.0028
4,0,0,1,10.66,38,19.0012
2,0,1,1,16.4,43,0.0
1,0,1,1,11.48,56,11.0014
2,0,1,1,37.72,40,12.998
3,0,1,1,26.24,78,7.0015
3,0,1,1,20.5,82,0.0
2,0,1,3,21.32,83,8.9981
1,0,1,1,18.86,88,12.998
1,0,1,1,27.06,44,8.9981
1,0,1,1,13.12,36,19.9995
1,0,1,1,8.2,51,6.0032
4,0,0,1,10.66,81,6.0032
4,0,1,1,12.3,87,7.0015
3,0,0,2,28.7,65,11.0014
3,0,1,1,27.88,74,16.9979
3,0,0,3,30.34,66,23.9994
3,0,0,1,27.06,89,0.0
2,0,1,2,18.86,88,7.0015
1,0,1,1,12.3,22,8.9981
4,0,1,3,11.48,81,11.0014
2,0,1,1,29.52,51,0.0
1,0,1,1,18.86,36,15.0013
4,0,1,1,9.84,44,15.0013
2,0,1,2,18.86,41,32.9975
4,0,1,2,12.3,61,11.0014
3,0,1,1,28.7,61,12.998
3,0,1,1,35.26,50,12.998
3,0,1,1,28.7,84,6.0032
1,1,0,1,10.66,35,26.0027
2,0,0,1,26.24,36,11.0014
3,0,1,1,29.52,70,19.0012
3,0,1,1,35.26,30,15.0013
3,0,0,3,25.42,78,6.0032
2,0,1,3,21.32,88,8.9981
3,0,1,2,31.16,55,6.0032
3,0,1,1,37.72,29,0.0
1,0,1,1,27.06,39,16.9979
4,0,1,1,16.4,82,6.0032
3,0,1,1,28.7,84,0.0
4,0,1,2,18.86,88,6.0032
4,0,0,1,16.4,62,22.0028
2,0,0,1,25.42,57,7.0015
4,0,1,1,14.76,81,0.0
4,0,1,2,16.4,82,7.0015
3,0,1,2,28.7,65,19.0012
3,0,1,1,16.4,71,19.0012
2,0,1,1,13.94,66,16.9979
3,0,0,2,23.78,78,19.9995
4,0,1,2,13.12,51,23.9994
1,0,1,1,12.3,61,22.0028
1,1,0,1,11.48,36,16.9979
1,0,1,1,4.92,54,7.0015
3,0,1,1,28.7,65,8.9981
4,0,1,2,29.52,70,11.0014
3,0,1,1,22.96,88,0.0
2,0,1,1,25.42,65,6.0032
4,0,1,1,16.4,82,6.0032
1,0,1,1,13.94,29,23.9994
1,0,1,2,8.2,34,16.9979
1,0,1,1,13.94,61,8.9981
4,0,1,1,17.22,82,19.0012
3,0,0,1,37.72,26,19.9995
1,0,1,2,13.94,76,22.0028
1,0,0,1,15.58,17,39.0007
4,0,0,1,6.56,59,0.0
1,0,1,1,9.02,69,12.998
1,0,0,1,4.1,49,19.0012
1,0,1,1,9.84,38,8.9981
1,0,1,1,12.3,49,0.0
4,0,1,1,23.78,56,16.9979
2,0,0,1,22.96,43,8.9981
1,0,1,1,22.96,43,12.998
4,0,1,3,22.14,88,22.0028
4,0,0,2,24.6,56,27.9993
3,0,1,1,19.68,72,7.0015
1,0,1,1,10.66,60,15.0013
2,0,1,1,20.5,72,16.9979
3,0,1,2,28.7,84,16.9979
4,0,1,1,22.14,73,6.0032
4,0,1,3,18.86,94,0.0
4,0,1,1,12.3,93,0.0
3,0,1,1,32.8,49,15.0013
3,1,0,2,31.98,49,0.0
4,0,1,1,22.14,64,19.0012
2,0,0,2,29.52,34,16.9979
1,0,1,1,9.02,37,35.0008
1,0,1,1,13.12,49,27.9993
2,0,1,3,24.6,83,16.9979
2,0,1,1,31.16,58,11.0014
1,0,1,3,14.76,0,12.998
1,0,1,2,9.84,87,11.0014
2,0,0,1,22.96,73,7.0015
4,0,1,2,16.4,86,15.0013
1,0,1,1,18.04,35,16.9979
1,0,1,2,16.4,87,15.0013
3,0,1,1,35.26,53,7.0015
3,0,1,1,26.24,65,7.0015
4,0,0,1,10.66,81,0.0
4,0,0,2,14.76,46,22.0028
1,0,0,1,10.66,93,8.9981
3,0,1,1,28.7,79,6.0032
1,0,1,1,8.2,59,22.0028
2,0,0,1,30.34,66,6.0032
1,0,1,1,17.22,44,15.0013
2,0,1,1,20.5,77,12.998
4,0,0,1,12.3,65,0.0
1,0,1,2,9.02,100,0.0
2,0,1,1,29.52,39,15.0013
3,0,1,1,23.78,40,19.0012
4,0,1,2,12.3,65,16.9979
4,1,0,1,18.86,88,0.0
4,0,0,1,13.12,57,16.9979
2,0,0,1,25.42,46,19.9995
4,0,1,1,10.66,48,19.0012
4,0,1,1,13.94,66,11.0014
2,0,1,1,24.6,73,12.998
2,0,1,2,18.86,88,0.0
2,0,1,3,26.24,73,19.0012
1,0,1,1,18.04,54,22.0028
2,0,1,1,18.86,28,8.9981
1,0,0,2,12.3,87,12.998
2,0,1,1,22.14,94,7.0015
1,0,1,1,10.66,44,19.9995
4,0,1,1,9.02,44,11.0014
1,0,1,1,10.66,23,0.0
4,0,1,1,10.66,60,11.0014
4,0,1,1,16.4,87,0.0
2,0,1,2,29.52,58,15.0013
4,0,1,2,15.58,76,0.0
4,0,0,1,9.02,75,6.0032
4,0,0,1,18.86,55,7.0015
4,0,1,1,13.12,45,16.9979
3,0,1,3,27.06,94,6.0032
3,0,1,1,27.88,57,8.9981
1,0,0,1,17.22,41,19.9995
4,0,1,1,12.3,49,23.9994
2,0,0,1,26.24,69,8.9981
2,0,0,1,23.78,64,11.0014
1,0,0,1,9.02,87,8.9981
3,0,1,1,27.06,74,15.0013
1,0,1,1,8.2,40,16.9979
4,0,1,2,15.58,82,15.0013
2,0,1,3,13.94,93,23.9994
3,0,1,1,20.5,77,6.0032
4,0,1,2,14.76,76,7.0015
4,0,0,1,7.38,55,0.0
4,0,1,1,12.3,61,0.0
3,0,1,1,31.98,52,16.9979
3,0,1,1,27.06,50,0.0
4,0,0,1,13.12,66,0.0
2,0,1,3,22.14,88,7.0015
1,0,0,1,17.22,35,15.0013
3,0,1,2,35.26,41,15.0013
4,0,1,1,14.76,50,15.0013
4,0,1,1,9.02,80,0.0
2,0,0,1,20.5,36,15.0013
4,0,1,1,11.48,75,7.0015
2,0,0,1,32.8,29,16.9979
2,0,1,3,20.5,82,11.0014
3,0,0,1,31.16,62,8.9981
3,0,1,1,26.24,69,15.0013
4,0,1,2,13.94,57,11.0014
2,0,0,1,27.88,83,6.0032
1,0,0,1,9.84,52,11.0014
2,0,0,1,33.62,24,12.998
4,0,1,1,20.5,36,8.9981
4,0,1,3,22.14,100,8.9981
1,0,0,2,12.3,52,19.9995
4,0,1,1,12.3,45,0.0
4,0,0,1,12.3,61,12.998
2,0,1,1,14.76,66,12.998
3,0,0,1,23.78,49,16.9979
4,0,1,1,18.86,38,26.0027
4,0,1,1,12.3,49,23.9994
4,0,1,3,18.86,94,19.0012
3,0,0,1,29.52,62,11.0014
1,0,0,1,10.66,60,0.0
2,0,1,1,9.84,70,7.0015
4,0,1,2,29.52,62,11.0014
2,0,1,2,19.68,88,8.9981
2,0,1,3,23.78,83,8.9981
2,0,1,1,32.8,55,12.998
2,0,1,2,22.96,56,12.998
1,0,1,1,12.3,33,26.0027
2,0,0,1,27.06,39,12.998
3,0,1,2,28.7,82,23.9994
4,0,0,2,16.4,87,7.0015
3,0,1,2,20.5,55,11.0014
4,0,1,1,24.6,43,15.0013
1,0,1,1,13.12,42,23.9994
3,0,1,1,33.62,52,7.0015
3,0,1,1,28.7,74,8.9981
3,0,1,1,30.34,48,6.0032
2,0,0,1,21.32,52,19.9995
4,0,1,1,15.58,46,26.0027
4,0,1,1,20.5,39,19.0012
2,0,1,2,27.06,89,19.0012
1,0,1,3,13.94,87,15.0013
3,0,1,1,31.98,59,15.0013
1,1,0,1,5.74,46,8.9981
2,0,1,1,30.34,37,19.0012
4,0,1,1,9.02,80,0.0
2,0,1,1,13.94,46,27.9993
3,0,1,1,29.52,58,15.0013
3,0,1,1,31.16,37,6.0032
2,0,1,1,24.6,43,16.9979
1,0,0,1,5.74,50,7.0015
1,0,1,1,4.1,49,22.0028
1,0,1,1,13.94,61,7.0015
3,0,0,1,31.16,58,15.0013
2,0,1,1,30.34,40,23.9994
4,0,0,1,9.02,64,0.0
3,0,1,1,31.16,62,19.9995
2,0,1,1,29.52,54,8.9981
3,0,1,1,32.8,41,19.9995
3,0,0,1,36.08,22,15.0013
4,0,1,2,10.66,60,16.9979
4,0,1,1,25.42,50,12.998
1,0,1,1,10.66,81,0.0
2,0,1,3,20.5,82,27.9993
1,0,1,1,5.74,69,8.9981
2,0,1,1,30.34,28,0.0
3,0,0,1,32.8,55,11.0014
1,0,1,1,14.76,40,12.998
3,0,1,2,31.98,49,11.0014
4,0,1,1,12.3,56,12.998
4,0,1,1,20.5,72,15.0013
4,0,1,3,16.4,50,15.0013
1,0,1,1,12.3,45,19.9995
1,0,1,1,13.12,76,12.998
1,0,0,2,9.02,93,11.0014
3,0,1,1,20.5,72,16.9979
1,0,0,2,19.68,59,22.0028
3,0,1,1,27.06,69,16.9979
1,0,1,1,7.38,55,8.9981
1,0,1,1,18.86,23,32.9975
2,0,0,1,31.98,55,7.0015
4,1,0,1,15.58,87,7.0015
1,0,0,3,7.38,55,11.0014
1,0,0,2,10.66,48,19.9995
2,0,1,1,24.6,83,11.0014
4,0,1,1,13.94,46,16.9979
2,0,0,1,22.96,64,7.0015
3,0,0,1,27.06,47,0.0
1,0,1,2,8.2,55,12.998
4,0,1,2,19.68,55,32.9975
2,0,1,1,23.78,40,7.0015
3,0,1,3,25.42,94,7.0015
2,0,0,1,28.7,74,0.0
4,0,1,2,18.04,100,12.998
3,0,1,1,35.26,39,15.0013
1,0,1,1,6.56,86,7.0015
2,0,0,1,22.14,60,6.0032
1,0,1,1,9.84,48,8.9981
3,0,0,1,27.88,79,0.0
4,0,1,2,20.5,55,11.0014
1,1,0,1,9.84,44,26.0027
4,0,1,1,20.5,77,7.0015
2,0,1,2,24.6,78,11.0014
2,0,0,1,26.24,78,7.0015
1,0,1,3,13.94,100,7.0015
3,0,1,1,31.16,70,19.0012
1,0,1,1,5.74,46,19.9995
2,1,0,2,20.5,63,26.0027
3,0,1,2,31.98,62,8.9981
1,0,1,1,4.1,54,8.9981
3,0,0,1,30.34,48,12.998
1,0,1,2,8.2,86,8.9981
3,0,0,2,29.52,79,11.0014
4,0,1,1,12.3,61,0.0
4,0,1,1,16.4,47,19.9995
2,0,0,1,20.5,25,15.0013
2,0,1,1,14.76,40,27.9993
4,0,1,2,22.14,88,16.9979
2,0,1,1,29.52,48,15.0013
4,0,0,1,16.4,43,15.0013
4,0,1,1,19.68,51,7.0015
2,0,1,1,12.3,65,16.9979
2,0,0,1,26.24,36,12.998
3,0,1,2,28.7,79,0.0
2,0,0,3,21.32,100,6.0032
4,0,1,1,13.94,46,19.9995
2,0,0,1,14.76,37,0.0
2,0,0,2,27.06,47,12.998
3,0,1,1,32.8,59,8.9981
2,0,1,2,27.06,65,22.0028
3,0,1,2,31.16,62,11.0014
4,0,1,1,18.04,88,16.9979
4,0,1,1,13.94,46,7.0015
1,0,1,1,16.4,76,23.9994
1,0,1,1,9.02,47,31.0009
4,0,0,2,13.94,87,12.998
1,0,1,3,13.94,0,16.9979
1,0,1,1,18.86,63,26.0027
4,0,1,1,10.66,60,8.9981
4,0,1,1,18.86,36,0.0
4,0,1,2,21.32,77,12.998
1,0,1,2,7.38,51,11.0014
1,0,0,1,6.56,40,22.0028
3,0,1,1,24.6,78,0.0
4,0,1,2,11.48,61,16.9979
1,0,1,2,12.3,42,6.0032
4,0,1,1,13.94,29,8.9981
3,0,1,1,27.06,74,15.0013
2,0,1,1,25.42,69,15.0013
2,0,1,1,34.44,49,0.0
1,0,1,3,12.3,100,19.9995
3,0,1,2,25.42,65,12.998
3,0,1,1,28.7,51,15.0013
1,0,1,1,18.04,67,8.9981
4,0,1,2,24.6,49,16.9979
2,0,1,1,24.6,20,12.998
4,0,1,1,21.32,45,19.0012
2,0,1,1,22.14,49,8.9981
4,0,0,1,18.04,88,0.0
1,0,1,2,13.12,66,6.0032
1,0,1,2,26.24,50,12.998
1,0,1,2,15.58,46,19.9995
3,0,0,2,28.7,84,8.9981
3,0,1,2,20.5,77,8.9981
3,0,0,1,32.8,36,6.0032
4,1,0,2,23.78,78,6.0032
4,0,1,3,22.14,94,16.9979
2,0,1,1,30.34,30,15.0013
3,0,1,1,30.34,51,11.0014
1,0,1,2,14.76,50,11.0014
3,0,0,2,26.24,36,19.0012
1,0,0,2,16.4,94,7.0015
4,1,0,1,12.3,61,12.998
4,0,1,3,19.68,94,7.0015
1,0,0,1,16.4,15,22.0028
1,0,0,2,8.2,49,8.9981
3,1,0,2,31.16,66,16.9979
2,0,1,1,26.24,47,11.0014
3,0,1,3,25.42,94,11.0014
2,0,1,1,25.42,88,8.9981
1,1,0,1,10.66,35,19.0012
2,0,1,3,26.24,73,15.0013
4,0,1,3,20.5,94,12.998
2,0,0,1,30.34,51,0.0
1,0,1,1,4.1,50,27.9993
3,1,0,2,31.98,49,11.0014
3,0,1,1,25.42,38,19.9995
3,0,1,1,18.86,77,7.0015
3,0,1,1,26.24,65,16.9979
1,0,1,1,13.94,49,7.0015
4,0,0,2,15.58,76,12.998
1,0,1,1,6.56,40,31.0009
3,0,1,1,30.34,70,15.0013
2,0,1,1,19.68,67,19.0012
1,0,1,1,5.74,50,19.0012
2,0,1,3,22.96,88,15.0013
3,0,1,1,29.52,70,0.0
3,0,1,1,32.8,55,12.998
2,0,0,2,18.04,77,19.0012
4,0,1,3,22.14,77,8.9981
4,0,1,3,18.86,94,15.0013
2,0,1,3,13.94,76,11.0014
1,0,1,1,18.04,41,19.0012
4,0,1,1,16.4,87,6.0032
1,0,0,2,17.22,88,7.0015
1,0,1,1,13.94,53,12.998
4,0,0,1,14.76,40,0.0
2,0,1,2,22.14,77,15.0013
3,0,0,1,37.72,42,12.998
1,0,0,2,19.68,59,23.9994
3,1,0,2,31.98,52,0.0
3,0,1,1,31.16,58,6.0032
2,0,1,1,26.24,36,11.0014
3,0,1,1,26.24,69,16.9979
1,0,0,1,14.76,23,0.0
3,0,1,1,32.8,59,31.0009
1,0,1,2,5.74,50,19.9995
4,0,1,2,22.96,83,8.9981
1,0,1,1,26.24,41,19.0012
3,0,1,1,31.16,45,19.9995
4,0,1,1,13.94,87,6.0032
2,0,1,1,22.96,88,6.0032
3,0,1,1,27.88,61,8.9981
1,0,0,1,12.3,39,23.9994
3,0,1,2,28.7,79,15.0013
2,0,1,2,21.32,63,19.9995
3,0,1,3,26.24,94,12.998
3,0,1,3,32.8,46,19.9995
4,0,1,1,10.66,75,8.9981
2,0,1,3,15.58,66,15.0013
1,0,1,1,29.52,25,12.998
4,0,1,2,10.66,60,12.998
3,0,0,1,26.24,73,7.0015
2,0,1,1,22.96,26,19.0012
4,0,1,1,18.04,18,27.9993
4,0,1,1,8.2,80,0.0
2,0,0,1,22.96,52,15.0013
4,0,1,1,10.66,81,6.0032
4,0,0,2,22.14,28,26.0027
2,0,1,2,25.42,73,16.9979
2,0,1,3,13.94,87,15.0013
1,0,1,1,4.1,68,0.0
4,1,0,2,16.4,71,15.0013
1,0,1,2,13.94,76,16.9979
1,0,1,1,12.3,61,6.0032
2,0,0,2,25.42,61,12.998
1,0,1,2,12.3,70,0.0
2,0,0,1,28.7,65,0.0
3,0,1,2,32.8,49,11.0014
3,0,0,1,28.7,70,16.9979
1,0,1,1,7.38,80,7.0015
3,0,0,3,30.34,70,6.0032
2,0,1,1,14.76,71,31.0009
2,0,1,1,22.96,94,7.0015
1,0,1,1,17.22,35,19.9995
3,0,1,1,28.7,70,15.0013
3,0,1,1,28.7,70,6.0032
3,0,1,2,28.7,79,19.9995
1,0,1,3,12.3,87,16.9979
1,0,0,1,9.02,80,0.0
1,0,0,2,9.84,87,8.9981
2,0,1,1,31.16,33,8.9981
3,0,1,1,26.24,94,0.0
2,0,1,2,22.14,65,11.0014
3,0,0,1,25.42,61,16.9979
2,0,1,2,20.5,39,12.998
1,0,1,1,12.3,42,22.0028
1,0,0,3,9.02,93,6.0032
3,0,0,1,23.78,78,7.0015
3,0,0,1,20.5,72,0.0
1,0,1,1,12.3,56,19.0012
2,0,0,1,28.7,51,7.0015
2,0,1,1,30.34,48,6.0032
3,0,1,1,31.16,66,15.0013
4,0,0,1,16.4,76,6.0032
1,0,1,2,12.3,93,0.0
1,0,0,1,16.4,35,22.0028
3,0,1,1,29.52,37,8.9981
2,0,0,2,24.6,78,12.998
1,0,0,1,11.48,56,12.998
1,0,0,3,9.84,75,6.0032
3,0,0,1,31.16,66,19.0012
2,0,0,1,22.96,73,16.9979
2,0,1,1,26.24,50,23.9994
2,0,1,1,27.88,36,0.0
3,0,1,2,27.06,83,6.0032
3,0,1,1,29.52,84,7.0015
3,0,1,1,30.34,66,12.998
1,0,0,1,12.3,39,15.0013
2,0,0,1,26.24,50,15.0013
4,0,1,1,16.4,66,7.0015
1,0,1,1,13.94,66,11.0014
2,0,0,2,22.14,94,8.9981
4,0,0,2,18.04,67,0.0
3,0,1,1,29.52,70,8.9981
2,0,1,3,22.96,88,30.0026
4,0,1,1,21.32,77,12.998
4,0,1,1,9.02,80,0.0
4,0,1,1,18.86,44,11.0014
3,0,0,1,36.9,37,19.0012
4,0,0,1,15.58,76,0.0
2,0,1,1,23.78,28,36.9974
4,0,0,1,22.14,52,26.0027
3,0,1,2,24.6,83,0.0
4,0,1,2,13.12,57,8.9981
4,0,1,3,18.86,72,11.0014
3,0,0,1,25.42,94,0.0
3,0,1,1,30.34,48,8.9981
4,1,0,2,16.4,71,16.9979
2,0,1,1,24.6,49,12.998
1,0,1,1,18.04,82,7.0015
1,0,1,1,11.48,56,19.9995
2,0,1,2,17.22,82,12.998
4,0,1,3,14.76,87,30.0026
2,0,0,2,22.14,64,8.9981
4,0,1,1,18.04,41,19.0012
4,1,0,2,17.22,66,19.0012
1,0,1,3,15.58,0,15.0013
4,1,0,1,16.4,76,8.9981
4,0,0,2,13.12,49,16.9979
4,0,1,1,13.94,61,7.0015
2,0,1,2,22.14,83,12.998
2,0,1,1,34.44,44,7.0015
4,0,1,1,25.42,73,11.0014
3,1,0,2,27.88,79,11.0014
2,0,0,2,19.68,63,12.998
1,0,1,3,6.56,93,0.0
1,0,0,2,9.84,56,12.998
3,0,0,1,31.16,66,8.9981
2,0,1,2,21.32,77,12.998
2,0,1,2,21.32,72,19.0012
1,0,0,1,3.28,53,12.998
1,0,1,1,24.6,28,16.9979
4,0,1,1,18.04,77,8.9981
2,0,1,1,13.12,66,6.0032
3,0,1,2,26.24,89,7.0015
2,0,1,1,13.12,66,6.0032
4,0,0,1,21.32,48,19.9995
3,0,0,1,30.34,74,8.9981
4,0,0,1,12.3,49,19.0012
4,0,1,1,26.24,47,19.0012
2,0,1,1,17.22,35,19.9995
4,0,0,1,11.48,52,19.9995
2,0,0,1,27.88,79,8.9981
4,0,1,1,18.86,59,11.0014
2,0,1,2,26.24,65,19.0012
2,0,0,1,27.06,50,26.0027
4,0,1,1,10.66,41,12.998
2,0,1,1,27.06,50,12.998
1,0,1,1,12.3,56,11.0014
2,0,1,2,29.52,54,16.9979
3,0,1,1,27.88,74,6.0032
1,0,1,2,6.56,55,0.0
3,0,0,1,18.86,72,16.9979
4,0,1,1,13.12,49,16.9979
3,0,1,1,31.98,52,0.0
2,0,1,1,27.06,36,12.998
2,0,1,1,22.96,60,6.0032
2,0,1,2,23.78,83,15.0013
1,0,1,1,6.56,55,16.9979
1,0,1,1,8.2,40,6.0032
3,0,1,2,27.06,83,36.9974
3,0,1,1,27.88,79,15.0013
4,0,1,3,18.86,94,16.9979
2,0,1,1,19.68,67,8.9981
1,0,1,2,11.48,61,7.0015
1,0,1,1,11.48,61,15.0013
2,0,1,3,24.6,78,12.998
2,0,0,1,22.14,18,19.9995
3,0,1,1,28.7,65,12.998
4,0,1,1,18.86,44,32.9975
3,0,1,1,31.98,46,19.9995
1,0,1,2,26.24,29,0.0
1,0,1,3,9.02,75,11.0014
2,0,1,1,31.16,58,11.0014
1,1,0,1,4.92,50,0.0
4,0,1,2,23.78,94,8.9981
3,0,1,1,25.42,88,7.0015
3,0,1,1,20.5,59,0.0
2,0,0,1,18.04,24,15.0013
1,0,1,1,8.2,47,19.9995
2,0,1,1,28.7,65,8.9981
2,0,1,1,27.06,27,19.0012
2,0,1,2,30.34,79,11.0014
3,0,1,1,26.24,69,7.0015
4,0,0,1,10.66,60,12.998
2,0,1,1,16.4,82,0.0
2,0,1,1,22.14,22,19.0012
4,0,0,2,18.04,54,12.998
1,0,1,1,8.2,47,0.0
4,0,0,1,13.12,81,0.0
1,0,0,2,10.66,81,11.0014
4,0,1,1,12.3,70,11.0014
4,0,1,2,15.58,54,7.0015
1,0,1,1,7.38,55,7.0015
1,0,0,1,13.12,29,19.0012
1,0,0,3,14.76,93,6.0032
4,0,1,2,15.58,94,11.0014
1,0,0,2,9.84,60,15.0013
4,0,1,1,23.78,46,27.9993
4,0,0,1,22.14,83,16.9979
2,0,1,1,22.14,45,0.0
2,0,1,1,22.96,88,0.0
3,0,0,1,33.62,43,19.9995
3,0,1,2,31.98,43,0.0
1,0,1,1,5.74,50,22.0028
2,0,1,1,26.24,38,32.9975
1,0,1,2,11.48,87,0.0
4,0,1,1,14.76,87,0.0
2,0,1,1,26.24,65,12.998
3,0,0,1,28.7,70,0.0
4,0,1,1,9.02,80,6.0032
4,0,1,1,25.42,73,15.0013
2,0,1,1,22.96,37,15.0013
2,0,1,1,22.96,88,0.0
3,0,1,1,20.5,77,0.0
3,0,1,1,31.16,33,11.0014
3,0,1,1,27.06,78,7.0015
2,0,0,2,20.5,94,26.0027
4,0,1,1,24.6,40,11.0014
4,0,1,1,6.56,86,7.0015
3,0,1,2,27.88,79,11.0014
2,0,1,1,21.32,27,0.0
3,0,1,1,34.44,53,19.0012
1,0,0,1,12.3,33,22.0028
3,0,0,1,35.26,47,16.9979
1,0,1,1,13.12,61,22.0028
2,0,0,2,24.6,60,8.9981
1,0,1,1,10.66,48,12.998
2,0,0,1,22.14,56,12.998
2,0,0,2,29.52,58,6.0032
3,0,1,1,30.34,55,15.0013
3,0,1,1,33.62,46,15.0013
2,0,1,1,24.6,56,7.0015
2,0,1,2,15.58,43,22.0028
1,0,1,1,9.84,60,19.9995
1,0,1,2,9.02,51,19.0012
4,0,0,3,14.76,100,6.0032
1,0,1,2,12.3,70,6.0032
4,0,1,2,13.94,61,8.9981
3,0,1,1,31.16,58,23.9994
4,0,0,1,22.14,39,12.998
1,0,1,1,14.76,40,7.0015
1,0,0,3,9.02,93,8.9981
4,0,1,1,21.32,45,15.0013
4,0,0,1,14.76,46,16.9979
3,0,1,2,21.32,63,16.9979
1,0,0,1,12.3,56,11.0014
3,0,1,1,27.88,65,8.9981
1,0,1,1,11.48,56,19.0012
1,0,0,1,10.66,87,7.0015
1,0,1,2,10.66,44,22.0028
1,0,0,1,18.04,35,23.9994
3,0,1,1,31.16,52,19.0012
1,0,1,2,10.66,56,6.0032
2,0,1,1,23.78,46,8.9981
3,0,1,3,27.06,89,15.0013
1,0,1,1,26.24,57,16.9979
2,0,1,1,29.52,37,16.9979
3,0,0,1,29.52,74,16.9979
2,0,1,1,22.96,49,15.0013
4,0,1,2,15.58,82,12.998
4,0,1,2,24.6,94,8.9981
2,0,0,1,26.24,57,6.0032
3,0,1,1,27.88,61,19.0012
2,0,1,2,22.14,88,16.9979
1,0,0,1,5.74,43,26.0027
3,0,1,1,26.24,73,6.0032
2,0,0,2,14.76,76,16.9979
4,0,0,1,14.76,81,7.0015
1,0,1,1,14.76,46,12.998
1,0,1,1,10.66,60,15.0013
3,0,1,1,21.32,83,0.0
2,0,1,1,27.88,65,7.0015
1,0,1,1,13.94,61,12.998
1,0,1,2,8.2,51,11.0014
2,0,1,2,20.5,88,8.9981
3,0,0,1,27.06,89,0.0
4,0,1,2,25.42,43,8.9981
1,0,1,3,5.74,80,8.9981
4,0,0,1,14.76,71,7.0015
4,0,1,2,18.86,100,15.0013
1,1,0,1,11.48,38,30.0026
2,0,1,1,13.94,81,8.9981
1,0,1,2,5.74,63,7.0015
1,0,1,2,10.66,44,27.9993
3,0,1,1,30.34,58,12.998
4,0,1,1,13.12,90,0.0
3,0,0,1,27.06,65,15.0013
4,0,1,2,19.68,77,8.9981
3,0,0,1,32.8,55,15.0013
2,0,0,1,22.14,88,0.0
3,0,1,1,26.24,69,7.0015
4,0,1,1,10.66,56,19.0012
2,0,0,1,28.7,34,19.9995
1,0,1,1,8.2,51,11.0014
4,0,1,3,22.14,100,6.0032
4,0,1,1,21.32,63,22.0028
4,0,1,1,17.22,88,7.0015
3,0,1,1,29.52,70,8.9981
2,0,1,1,26.24,44,15.0013
1,0,1,1,9.84,30,15.0013
4,0,1,2,17.22,88,8.9981
2,0,0,2,16.4,47,11.0014
2,0,1,1,24.6,46,6.0032
2,0,0,1,18.04,72,6.0032
2,0,0,1,22.96,28,27.9993
2,0,1,1,33.62,52,15.0013
1,0,1,1,13.12,21,11.0014
2,0,1,3,22.96,78,8.9981
1,0,1,1,13.94,46,19.9995
4,0,1,2,13.12,70,19.0012
1,0,1,2,10.66,100,0.0
2,0,1,1,27.88,44,12.998
3,0,1,2,28.7,61,16.9979
1,0,1,2,9.02,80,6.0032
4,0,1,2,25.42,88,0.0
3,0,1,1,32.8,49,16.9979
4,0,1,2,13.94,100,8.9981
2,0,1,1,14.76,62,15.0013
2,0,1,1,22.96,94,12.998
2,0,1,1,24.6,56,6.0032
2,0,0,1,18.86,41,27.9993
3,0,0,1,26.24,78,6.0032
3,0,1,1,30.34,70,11.0014
3,0,0,2,22.14,68,6.0032
1,0,1,1,4.92,28,27.9993
3,0,0,1,27.88,36,12.998
4,0,1,2,21.32,77,11.0014
2,0,1,1,25.42,46,15.0013
1,0,1,1,8.2,40,23.9994
1,0,1,1,9.02,37,16.9979
1,0,0,1,5.74,80,0.0
2,0,0,1,30.34,30,6.0032
3,0,0,1,23.78,94,8.9981
1,0,1,1,10.66,70,22.0028
2,0,1,1,23.78,40,22.0028
1,0,0,3,13.12,100,23.9994
2,0,0,1,28.7,58,6.0032
2,0,1,1,20.5,68,6.0032
4,0,0,2,13.94,87,0.0
3,0,1,3,22.96,94,0.0
1,0,1,1,18.04,82,6.0032
3,0,1,1,22.96,52,19.0012
2,0,1,1,31.16,37,11.0014
4,0,1,2,10.66,81,0.0
4,0,1,1,22.96,94,8.9981
2,0,0,1,28.7,70,12.998
2,0,1,2,24.6,73,19.9995
2,0,0,3,13.12,76,22.0028
2,1,0,1,22.14,77,15.0013
2,0,0,2,14.76,81,0.0
2,0,1,2,9.84,93,16.9979
3,0,0,2,28.7,54,7.0015
4,0,0,2,15.58,94,0.0
2,0,0,2,17.22,88,8.9981
2,0,1,1,17.22,50,16.9979
4,0,1,1,10.66,48,19.0012
2,0,1,2,14.76,46,23.9994
3,0,1,1,30.34,51,22.0028
3,0,1,1,26.24,50,23.9994
4,0,0,1,11.48,75,0.0
4,0,1,1,24.6,60,6.0032
2,0,1,1,35.26,47,19.9995
3,0,0,1,36.08,32,23.9994
2,0,1,1,24.6,43,12.998
4,0,0,1,12.3,75,6.0032
2,0,0,1,29.52,51,6.0032
4,0,1,1,13.12,53,15.0013
1,0,1,1,5.74,39,39.0007
4,0,1,3,16.4,94,16.9979
3,1,0,2,30.34,62,8.9981
1,0,1,1,13.94,81,7.0015
4,0,1,3,18.04,100,16.9979
4,0,1,1,9.84,81,0.0
1,0,1,1,18.86,36,12.998
1,0,0,1,13.94,49,11.0014
2,0,1,1,27.88,83,12.998
1,0,1,2,8.2,37,19.0012
3,0,1,1,32.8,55,11.0014
4,0,1,2,10.66,81,7.0015
2,0,1,2,21.32,83,8.9981
3,0,1,3,24.6,88,7.0015
1,0,0,1,10.66,56,16.9979
2,0,1,1,29.52,38,7.0015
3,0,0,1,20.5,72,11.0014
2,0,1,2,19.68,88,7.0015
2,0,1,1,21.32,59,12.998
2,0,1,1,31.16,75,11.0014
4,0,1,1,22.14,64,19.0012
3,0,0,1,29.52,51,19.9995
1,0,0,1,16.4,17,27.9993
4,0,0,1,10.66,48,15.0013
3,0,1,1,31.16,58,15.0013
4,0,1,3,13.94,71,22.0028
3,0,1,2,34.44,49,12.998
3,0,1,1,21.32,72,0.0
4,0,1,3,14.76,81,23.9994
3,0,1,1,29.52,39,6.0032
4,0,1,2,19.68,88,0.0
1,0,1,1,12.3,49,0.0
2,0,0,1,15.58,54,23.9994
2,0,0,1,17.22,69,7.0015
2,0,1,1,22.14,22,27.9993
4,0,0,1,15.58,54,19.0012
2,0,1,2,22.96,83,15.0013
2,0,1,1,27.06,61,15.0013
1,0,0,1,7.38,51,11.0014
4,0,1,1,11.48,41,11.0014
3,0,1,1,33.62,23,12.998
4,0,1,1,11.48,75,0.0
1,0,0,1,8.2,32,32.9975
1,0,0,2,14.76,43,8.9981
3,0,1,1,37.72,31,11.0014
2,0,0,2,20.5,88,8.9981
3,0,0,1,21.32,77,12.998
3,0,1,1,26.24,78,22.0028
2,0,1,1,18.86,72,15.0013
1,0,1,1,10.66,52,15.0013
1,0,1,2,18.04,44,16.9979
3,0,1,1,22.96,73,6.0032
1,0,1,3,13.94,0,16.9979
4,0,0,1,17.22,71,11.0014
2,0,0,1,22.96,56,6.0032
1,0,0,1,13.12,57,7.0015
1,0,1,1,4.92,54,8.9981
1,0,0,3,9.02,93,7.0015
4,0,1,2,16.4,76,11.0014
3,0,0,1,32.8,59,16.9979
1,0,1,2,9.84,32,30.0026
3,0,0,1,30.34,66,6.0032
2,0,1,1,23.78,73,19.9995
1,0,1,1,18.04,58,12.998
2,0,1,2,13.94,53,11.0014
4,0,0,2,12.3,87,6.0032
3,0,1,2,27.06,89,0.0
3,0,0,1,31.98,59,0.0
4,0,0,2,14.76,62,8.9981
1,0,0,2,12.3,52,19.9995
1,0,1,2,13.12,39,6.0032
3,0,0,3,26.24,73,0.0
2,0,0,1,25.42,88,8.9981
2,0,1,1,26.24,41,8.9981
4,0,1,2,23.78,94,23.9994
2,0,1,1,23.78,46,7.0015
2,0,1,1,21.32,68,0.0
2,0,1,1,20.5,42,12.998
4,0,1,1,20.5,77,7.0015
1,0,1,1,16.4,43,15.0013
4,0,1,1,22.96,56,19.0012
4,0,1,1,13.94,87,0.0
3,0,0,1,27.06,57,6.0032
4,0,1,1,26.24,47,16.9979
3,0,0,1,27.06,74,0.0
4,0,1,2,11.48,52,15.0013
4,0,1,1,10.66,75,7.0015
4,0,1,1,9.84,75,0.0
4,0,1,2,15.58,54,15.0013
1,0,1,1,14.76,34,19.0012
2,0,1,1,36.08,42,8.9981
3,0,1,1,27.88,65,8.9981
4,0,1,1,22.14,49,11.0014
4,0,1,3,21.32,94,22.0028
2,0,1,3,22.96,83,16.9979
4,0,0,1,10.66,87,0.0
2,0,1,3,23.78,73,11.0014
1,0,1,1,4.92,50,15.0013
1,0,1,3,14.76,87,12.998
2,0,0,3,12.3,100,16.9979
4,1,0,1,15.58,37,31.0009
4,0,1,2,23.78,83,15.0013
3,0,1,1,28.7,54,8.9981
1,0,1,3,10.66,81,7.0015
2,0,1,2,21.32,72,6.0032
4,0,1,1,20.5,59,19.0012
1,0,0,2,12.3,36,15.0013
2,0,1,1,31.98,43,15.0013
1,0,0,1,6.56,47,15.0013
1,0,1,2,8.2,86,6.0032
4,0,0,1,18.04,62,16.9979
1,0,1,1,13.12,49,16.9979
4,0,0,1,22.14,37,0.0
4,0,1,1,28.7,65,0.0
2,0,1,2,31.16,70,7.0015
3,0,0,1,24.6,78,16.9979
2,0,0,2,29.52,37,16.9979
3,0,1,1,28.7,61,0.0
3,0,1,1,27.06,83,11.0014
1,0,1,2,9.84,87,8.9981
4,0,1,1,18.04,62,8.9981
1,0,0,1,18.04,38,16.9979
3,0,1,1,32.8,43,8.9981
4,0,1,3,24.6,88,0.0
3,0,0,1,31.16,70,11.0014
4,0,1,2,29.52,54,12.998
1,0,1,1,13.94,39,19.0012
1,0,0,1,18.86,55,27.9993
1,0,1,2,10.66,56,8.9981
2,0,1,2,18.86,88,11.0014
1,0,0,1,5.74,43,11.0014
3,0,1,2,25.42,94,23.9994
4,0,1,1,21.32,39,12.998
3,0,1,1,35.26,41,7.0015
2,0,1,1,25.42,43,0.0
2,0,1,2,28.7,24,36.9974
4,0,1,1,14.76,93,8.9981
4,0,1,1,22.96,64,8.9981
3,0,0,1,26.24,83,11.0014
1,0,1,1,10.66,65,26.0027
1,0,1,1,17.22,82,0.0
1,0,0,1,12.3,36,16.9979
4,0,1,2,22.96,64,6.0032
4,0,0,1,18.04,62,8.9981
1,0,1,1,10.66,35,7.0015
3,0,0,1,30.34,66,11.0014
1,0,1,1,13.12,61,0.0
3,0,1,1,32.8,55,15.0013
4,0,1,2,24.6,78,11.0014
2,0,1,1,37.72,35,12.998
3,0,1,3,26.24,89,6.0032
3,0,1,2,27.88,69,19.9995
2,0,1,1,13.94,57,19.9995
1,0,1,1,7.38,59,8.9981
3,0,0,2,27.88,89,7.0015
3,0,1,2,27.06,83,12.998
4,0,0,3,14.76,93,11.0014
2,0,1,1,13.12,81,16.9979
1,0,1,1,21.32,55,11.0014
4,0,0,1,18.86,51,19.9995
1,0,0,3,17.22,88,16.9979
3,0,1,2,26.24,78,16.9979
3,0,1,2,22.14,77,31.0009
1,0,1,1,6.56,47,26.0027
1,0,0,1,18.86,51,19.9995
4,0,0,2,9.84,75,0.0
1,0,1,1,9.84,52,19.0012
1,0,1,2,11.48,93,7.0015
1,0,1,1,11.48,61,11.0014
2,0,1,3,25.42,83,16.9979
1,0,1,2,12.3,42,15.0013
3,0,1,1,28.7,70,6.0032
3,0,1,1,34.44,59,22.0028
2,0,1,3,18.86,94,19.9995
1,0,1,2,8.2,69,15.0013
2,0,0,1,17.22,82,6.0032
2,0,1,1,26.24,65,6.0032
3,0,1,2,31.16,55,6.0032
4,0,1,3,12.3,87,35.0008
1,0,1,1,8.2,51,12.998
4,0,1,1,13.94,81,8.9981
4,0,1,1,18.04,51,27.9993
4,0,1,1,18.86,82,8.9981
3,0,1,1,28.7,65,15.0013
4,0,1,1,21.32,52,8.9981
3,0,1,1,35.26,44,15.0013
3,0,0,2,29.52,70,11.0014
4,0,1,1,18.86,55,11.0014
2,0,1,1,26.24,73,6.0032
3,0,0,1,31.98,62,15.0013
2,0,1,1,22.14,37,12.998
2,0,1,1,31.16,31,26.0027
4,0,0,2,16.4,82,22.0028
4,0,0,1,23.78,32,19.0012
4,0,1,2,9.84,60,7.0015
3,0,1,1,24.6,64,6.0032
3,0,0,1,27.88,83,8.9981
3,0,1,2,27.88,89,0.0
3,0,1,1,26.24,78,7.0015
1,0,1,2,9.02,87,8.9981
3,0,1,3,22.14,83,23.9994
4,0,1,1,18.04,51,8.9981
4,0,1,1,13.94,46,7.0015
3,0,0,1,28.7,65,15.0013
3,1,0,1,26.24,83,6.0032
1,0,1,1,8.2,27,19.9995
1,0,0,1,16.4,37,19.9995
2,0,1,3,14.76,87,22.0028
4,0,0,1,17.22,35,8.9981
1,0,0,2,16.4,82,19.0012
1,1,0,1,8.2,51,12.998
3,0,1,1,28.7,48,6.0032
1,0,1,1,9.84,44,12.998
2,0,1,2,16.4,66,8.9981
2,0,1,2,27.88,89,6.0032
2,0,1,2,27.88,61,8.9981
4,0,1,2,22.14,94,7.0015
1,0,0,2,18.86,67,22.0028
4,0,1,1,9.02,87,6.0032
3,0,1,1,29.52,66,11.0014
3,0,1,1,35.26,47,19.9995
3,0,1,1,28.7,45,7.0015
2,0,1,2,26.24,44,19.0012
3,0,1,1,27.88,79,15.0013
4,0,1,2,10.66,56,19.0012
3,0,1,1,34.44,49,19.9995
4,1,0,1,13.12,39,11.0014
1,0,1,1,27.88,39,11.0014
2,0,1,2,24.6,73,0.0
3,0,1,2,32.8,63,23.9994
4,0,1,1,21.32,72,0.0
2,0,1,1,28.7,37,0.0
4,0,1,3,22.14,88,0.0
2,0,1,1,18.86,67,19.0012
1,0,0,1,13.12,42,30.0026
4,0,1,2,12.3,61,6.0032
1,0,0,1,7.38,47,11.0014
1,0,1,1,18.04,38,12.998
1,0,0,1,17.22,44,32.9975
2,0,1,1,13.94,71,7.0015
2,0,1,1,18.86,94,12.998
2,0,1,1,28.7,61,6.0032
2,0,1,1,19.68,31,19.0012
4,0,1,3,18.86,77,31.0009
3,0,1,1,30.34,66,16.9979
4,0,1,1,22.14,60,19.9995
4,1,0,2,28.7,45,6.0032
2,0,1,1,22.14,77,19.0012
2,0,1,1,27.06,57,16.9979
1,0,0,1,8.2,44,22.0028
2,0,1,1,13.94,81,7.0015
1,0,1,3,16.4,0,11.0014
3,0,0,1,31.16,40,8.9981
3,0,1,1,28.7,48,0.0
2,0,0,2,15.58,87,6.0032
2,0,1,1,25.42,33,16.9979
4,0,1,2,13.12,53,19.0012
2,0,0,1,15.58,62,22.0028
4,0,1,1,27.06,78,12.998
2,0,0,1,24.6,78,7.0015
4,0,1,1,8.2,80,0.0
2,0,1,1,26.24,73,6.0032
3,0,0,1,34.44,59,11.0014
1,0,1,1,12.3,28,12.998
4,0,1,1,11.48,36,26.0027
3,0,1,1,32.8,55,0.0
3,0,0,2,29.52,66,11.0014
4,0,0,1,19.68,33,12.998
2,1,0,1,16.4,76,0.0
1,0,1,1,5.74,74,8.9981
1,0,0,2,6.56,74,11.0014
1,0,1,1,0.82,41,12.998
3,0,0,2,24.6,73,8.9981
1,0,0,2,17.22,100,19.9995
3,0,0,3,29.52,74,6.0032
2,0,1,1,24.6,40,16.9979
3,0,1,1,30.34,58,19.0012
4,0,1,1,24.6,53,8.9981
4,0,0,1,15.58,87,8.9981
2,0,0,1,28.7,39,8.9981
4,0,1,1,10.66,70,6.0032
2,0,1,1,28.7,34,16.9979
1,0,1,3,18.04,0,15.0013
3,0,1,1,29.52,51,12.998
3,0,1,1,38.54,33,0.0
2,0,1,1,21.32,55,19.0012
4,0,1,2,13.94,66,15.0013
1,0,0,1,9.84,81,6.0032
3,0,1,1,37.72,33,23.9994
3,0,0,1,31.16,55,8.9981
3,0,0,1,29.52,62,6.0032
1,0,0,1,6.56,47,23.9994
1,0,1,2,8.2,37,11.0014
4,0,1,1,8.2,69,6.0032
3,0,0,1,29.52,84,8.9981
1,0,1,3,13.12,93,15.0013
3,0,1,1,27.06,74,12.998
4,0,1,2,22.96,83,0.0
2,0,1,1,22.14,56,19.9995
3,1,0,2,31.16,55,6.0032
2,0,1,1,22.96,73,15.0013
3,0,1,1,29.52,62,15.0013
3,0,1,3,22.14,94,23.9994
2,0,1,1,28.7,65,7.0015
1,0,1,2,9.84,65,11.0014
3,0,1,1,31.16,62,19.0012
3,0,0,1,36.9,37,35.0008
4,0,1,1,18.04,58,12.998
4,0,1,1,12.3,87,0.0
1,0,1,1,13.12,22,15.0013
2,0,0,1,26.24,53,0.0
2,0,1,1,18.04,38,12.998
2,0,1,2,25.42,69,8.9981
4,0,0,1,13.94,76,12.998
2,0,0,1,23.78,88,0.0
4,0,1,2,24.6,43,11.0014
2,0,1,1,20.5,31,12.998
2,0,1,1,21.32,59,8.9981
4,0,1,1,26.24,89,0.0
1,0,1,1,5.74,69,8.9981
4,0,1,2,24.6,73,12.998
4,0,1,1,10.66,81,12.998
3,0,1,1,30.34,51,11.0014
3,0,1,1,25.42,83,8.9981
3,0,1,1,27.06,61,15.0013
3,0,1,1,27.06,89,11.0014
1,0,1,1,10.66,70,8.9981
3,0,0,2,28.7,74,19.0012
4,0,1,2,17.22,71,31.0009
1,0,0,1,5.74,46,16.9979
4,0,1,2,13.12,53,15.0013
1,0,1,1,12.3,52,16.9979
1,0,1,1,29.52,32,15.0013
4,0,0,1,14.76,77,0.0
3,0,0,1,31.16,62,7.0015
3,0,1,1,29.52,51,8.9981
1,0,1,1,4.1,54,6.0032
2,0,1,2,22.96,68,22.0028
2,0,0,1,33.62,38,15.0013
4,0,1,1,18.04,67,8.9981
2,0,1,1,25.42,38,19.9995
3,0,1,1,27.88,74,12.998
3,0,1,1,32.8,43,7.0015
4,0,1,1,13.12,81,12.998
1,0,1,3,9.02,87,0.0
3,0,0,1,30.34,79,11.0014
3,0,1,1,32.8,55,6.0032
4,0,1,1,11.48,48,11.0014
4,0,0,1,18.04,58,27.9993
2,0,1,1,25.42,38,16.9979
1,0,1,1,13.12,53,19.9995
4,0,0,2,18.04,72,6.0032
4,0,1,3,13.12,81,31.0009
1,1,0,2,6.56,55,12.998
1,0,1,2,8.2,93,0.0
4,0,1,2,24.6,73,11.0014
3,0,1,1,27.06,54,8.9981
3,0,1,1,35.26,36,11.0014
1,0,1,2,10.66,65,15.0013
4,0,1,1,15.58,50,26.0027
1,0,1,1,14.76,34,27.9993
3,0,0,1,33.62,30,7.0015
3,0,0,1,24.6,43,6.0032
2,0,1,1,24.6,28,7.0015
3,0,1,3,25.42,83,15.0013
3,0,0,2,26.24,69,7.0015
4,0,1,1,17.22,35,30.0026
3,0,1,3,27.88,83,30.0026
3,0,0,1,30.34,55,12.998
3,0,1,2,24.6,88,19.9995
4,0,0,1,9.84,65,6.0032
4,1,0,1,18.86,94,0.0
1,0,1,3,6.56,93,7.0015
2,0,0,2,22.14,77,7.0015
4,0,0,2,13.12,81,0.0
3,0,0,1,33.62,43,19.0012
1,0,1,1,5.74,50,19.0012
1,0,1,1,21.32,72,8.9981
3,0,1,1,30.34,55,8.9981
2,0,1,1,18.86,67,23.9994
2,0,0,1,28.7,61,8.9981
1,0,1,1,8.2,44,27.9993
2,0,1,1,22.14,90,8.9981
3,0,0,1,26.24,69,12.998
4,0,0,3,15.58,87,15.0013
2,0,1,1,30.34,28,19.0012
4,0,0,1,14.76,46,26.0027
1,0,1,3,12.3,61,8.9981
4,0,1,2,18.86,87,12.998
1,0,1,2,18.86,94,19.0012
4,0,1,1,28.7,61,16.9979
3,0,0,1,32.8,33,0.0
4,0,1,2,12.3,75,12.998
3,0,1,1,31.16,70,23.9994
2,0,1,1,24.6,26,11.0014
4,0,1,1,16.4,50,16.9979
2,0,1,1,27.06,39,19.9995
4,0,0,3,15.58,82,22.0028
1,0,1,1,8.2,47,23.9994
1,0,1,1,17.22,32,19.0012
3,0,0,3,28.7,74,8.9981
4,0,1,1,20.5,51,12.998
3,0,1,2,28.7,74,7.0015
3,0,1,1,31.16,58,16.9979
3,0,1,1,36.08,44,19.0012
3,0,1,2,25.42,73,11.0014
4,0,1,3,25.42,94,0.0
4,0,1,1,18.86,82,0.0
3,0,1,2,27.88,89,6.0032
2,0,0,3,17.22,41,15.0013
1,0,1,2,16.4,87,12.998
3,0,1,2,21.32,48,11.0014
4,0,1,2,23.78,78,12.998
2,0,1,1,29.52,32,32.9975
2,0,0,2,27.88,74,7.0015
2,0,1,1,20.5,31,11.0014
2,0,1,2,22.14,73,22.0028
1,0,1,1,11.48,52,16.9979
1,0,0,1,13.12,28,35.0008
4,0,0,2,13.12,81,11.0014
3,0,1,1,29.52,70,7.0015
4,0,1,1,14.76,76,6.0032
4,0,1,3,22.14,94,11.0014
4,0,0,1,18.04,62,11.0014
4,0,1,1,18.86,67,11.0014
1,0,1,1,13.12,49,12.998
2,0,1,1,22.14,64,8.9981
3,0,1,1,36.08,42,7.0015
4,0,1,1,9.84,48,12.998
1,0,1,1,12.3,56,11.0014
2,0,1,3,28.7,65,15.0013
3,0,1,1,18.86,67,31.0009
2,0,0,2,26.24,57,0.0
4,0,1,1,24.6,56,19.0012
1,0,1,2,12.3,70,6.0032
3,0,0,1,30.34,74,11.0014
4,0,0,1,10.66,87,0.0
4,0,0,1,19.68,48,0.0
4,0,1,2,14.76,62,19.0012
4,0,0,1,22.14,37,0.0
3,0,1,1,28.7,61,12.998
2,0,0,1,28.7,34,16.9979
2,0,0,1,29.52,62,11.0014
2,0,1,2,26.24,73,12.998
2,1,0,1,32.8,33,31.0009
2,0,1,1,27.88,79,7.0015
1,0,1,1,8.2,61,0.0
1,0,1,2,13.94,57,15.0013
3,0,1,2,27.06,83,39.0007
1,0,1,1,12.3,61,0.0
4,0,1,2,16.4,54,11.0014
1,0,1,1,12.3,49,12.998
3,0,1,3,26.24,94,23.9994
4,0,0,1,20.5,51,8.9981
3,0,0,2,31.16,58,12.998
2,0,0,2,28.7,42,12.998
1,0,1,2,8.2,75,8.9981
1,0,1,1,9.02,75,6.0032
4,0,1,1,28.7,42,11.0014
2,0,1,1,19.68,63,6.0032
1,0,1,1,18.86,47,15.0013
2,0,1,1,22.96,88,6.0032
3,0,1,1,24.6,60,15.0013
3,0,1,1,20.5,63,6.0032
1,0,1,3,17.22,0,16.9979
3,0,1,1,32.8,41,15.0013
1,0,0,1,4.92,74,6.0032
2,0,1,2,21.32,48,7.0015
4,0,0,1,17.22,32,19.9995
2,0,1,1,29.52,32,8.9981
3,0,0,2,27.06,94,15.0013
4,0,1,1,22.96,94,11.0014
4,0,0,3,16.4,82,12.998
3,1,0,1,26.24,78,0.0
3,0,1,1,29.52,62,11.0014
3,0,1,3,27.06,83,15.0013
4,0,0,1,18.86,38,11.0014
4,0,1,1,12.3,52,11.0014
2,0,1,1,24.6,43,12.998
1,0,1,1,4.92,39,11.0014
2,0,1,3,28.7,65,15.0013
2,0,1,3,19.68,82,7.0015
2,0,1,1,27.06,36,19.9995
3,0,0,1,25.42,83,11.0014
4,0,1,1,14.76,76,6.0032
2,0,0,1,29.52,62,12.998
4,0,1,1,20.5,72,8.9981
3,0,1,2,22.14,94,22.0028
2,0,1,1,25.42,73,31.0009
4,0,0,1,16.4,50,8.9981
1,0,1,1,18.04,77,16.9979
4,0,1,1,12.3,52,19.0012
3,0,1,1,27.06,89,7.0015
2,0,1,2,23.78,78,6.0032
3,0,1,1,28.7,65,7.0015
4,0,1,1,14.76,76,7.0015
2,0,1,2,28.7,61,6.0032
2,1,0,2,18.86,67,26.0027
3,0,1,2,27.06,69,19.9995
4,0,1,1,20.5,63,19.9995
3,0,1,1,27.88,74,12.998
4,0,1,1,14.76,43,19.0012
3,0,1,1,26.24,94,7.0015
1,0,1,1,10.66,33,36.9974
4,0,1,2,20.5,72,11.0014
2,0,0,1,25.42,88,15.0013
3,0,0,1,27.06,89,19.0012
2,0,1,1,32.8,29,12.998
4,0,1,1,10.66,60,19.0012
1,0,1,3,14.76,73,7.0015
2,0,1,2,20.5,100,0.0
1,0,1,1,9.02,37,16.9979
2,0,1,2,21.32,88,0.0
3,0,1,1,33.62,46,16.9979
2,0,1,1,25.42,65,11.0014
3,0,1,1,26.24,83,0.0
4,0,1,1,11.48,61,15.0013
3,0,1,1,29.52,54,16.9979
1,0,1,2,12.3,65,12.998
2,0,1,1,32.8,59,15.0013
2,0,0,1,18.86,67,0.0
3,0,1,1,34.44,49,22.0028
1,0,1,1,11.48,48,15.0013
3,0,1,1,32.8,55,16.9979
1,0,0,2,9.84,93,7.0015
3,0,1,1,33.62,43,0.0
3,0,0,1,27.88,83,8.9981
3,0,0,1,29.52,70,15.0013
4,0,1,2,19.68,82,19.0012
4,0,0,1,17.22,47,0.0
4,0,1,1,9.84,65,0.0
2,0,1,1,19.68,39,19.0012
1,0,1,1,11.48,33,27.9993
4,0,1,2,16.4,87,23.9994
2,0,1,2,20.5,59,7.0015
3,0,1,1,31.98,29,6.0032
2,0,1,1,24.6,60,32.9975
3,0,1,2,32.8,36,11.0014
2,0,1,2,25.42,65,16.9979
3,0,1,3,28.7,84,0.0
1,0,1,2,9.84,65,8.9981
4,0,0,1,11.48,45,15.0013
2,0,0,2,26.24,50,15.0013
1,0,1,1,15.58,54,12.998
3,0,0,1,33.62,41,15.0013
1,0,1,2,8.2,59,6.0032
1,0,1,1,9.84,65,15.0013
4,0,1,1,20.5,51,11.0014
4,0,0,2,14.76,46,31.0009
3,0,1,1,32.8,29,11.0014
4,1,0,1,16.4,76,6.0032
3,0,1,2,28.7,61,8.9981
2,0,1,1,30.34,42,12.998
2,0,0,1,34.44,30,15.0013
2,0,0,2,25.42,65,8.9981
4,0,0,1,10.66,87,7.0015
1,0,1,2,7.38,40,19.0012
1,0,0,1,17.22,41,16.9979
2,0,1,2,18.04,62,8.9981
1,0,1,1,8.2,59,26.0027
1,0,0,1,18.04,16,43.0006
1,0,1,1,7.38,51,19.9995
4,0,1,1,9.84,52,19.0012
4,0,1,1,21.32,32,6.0032
2,0,1,3,22.96,94,8.9981
1,0,1,1,9.84,38,32.9975
1,0,0,1,9.02,55,19.0012
4,0,0,1,16.4,50,15.0013
1,1,0,1,10.66,41,26.0027
2,1,0,1,32.8,33,26.0027
4,0,1,3,22.14,77,6.0032
2,0,1,1,28.7,54,8.9981
2,0,0,1,25.42,38,6.0032
3,0,0,3,25.42,83,12.998
2,0,1,2,23.78,68,12.998
1,0,1,1,17.22,62,19.0012
2,0,1,1,23.78,24,27.9993
3,0,1,3,24.6,94,16.9979
1,0,0,1,14.76,37,23.9994
4,0,1,1,13.94,49,0.0
4,0,1,1,13.12,57,7.0015
3,0,1,1,29.52,66,16.9979
1,1,0,1,4.1,54,7.0015
4,0,0,1,17.22,38,19.9995
2,0,0,2,14.76,100,6.0032
1,0,1,2,9.84,60,6.0032
2,0,1,1,24.6,73,6.0032
1,0,1,1,11.48,65,19.0012
3,0,0,1,24.6,88,8.9981
3,0,1,1,32.8,55,11.0014
3,0,1,1,32.8,55,27.9993
3,0,0,3,29.52,74,19.9995
1,0,1,1,9.02,37,22.0028
3,0,1,1,30.34,51,19.0012
2,0,1,2,27.88,65,11.0014
1,0,1,2,13.12,93,6.0032
1,0,1,2,9.02,87,7.0015
4,0,1,2,25.42,94,0.0
1,0,0,1,3.28,53,16.9979
4,0,1,1,9.02,64,6.0032
4,0,1,2,24.6,94,0.0
2,0,1,2,25.42,53,16.9979
3,0,1,1,28.7,61,11.0014
2,0,1,1,18.86,59,0.0
3,0,1,2,28.7,54,12.998
1,0,0,1,18.04,47,15.0013
4,0,1,1,17.22,67,16.9979
3,0,1,1,27.06,69,8.9981
2,0,0,1,26.24,89,16.9979
1,0,1,3,13.94,87,15.0013
3,0,1,3,28.7,79,11.0014
4,0,1,2,10.66,60,6.0032
2,0,1,2,21.32,77,22.0028
3,1,0,2,30.34,62,7.0015
1,0,0,1,5.74,42,22.0028
3,0,1,1,28.7,79,16.9979
2,0,0,1,30.34,40,12.998
3,0,0,1,20.5,68,0.0
3,0,1,3,26.24,94,8.9981
2,0,0,3,21.32,83,39.0007
1,0,1,3,14.76,93,12.998
2,0,1,1,27.88,26,16.9979
4,0,1,2,21.32,68,11.0014
1,0,1,1,17.22,77,16.9979
1,0,1,1,16.4,37,7.0015
2,0,1,2,22.14,68,15.0013
2,0,1,1,19.68,77,6.0032
2,0,1,1,21.32,77,0.0
3,0,0,1,28.7,79,7.0015
4,0,0,1,9.02,75,12.998
1,0,1,1,28.7,39,15.0013
3,0,1,1,29.52,74,8.9981
2,0,0,1,26.24,53,12.998
2,0,1,2,22.14,68,19.0012
2,0,0,1,22.96,30,30.0026
1,0,1,1,4.92,50,19.0012
2,0,1,1,24.6,60,19.9995
1,0,1,3,19.68,82,6.0032
3,0,1,1,26.24,73,7.0015
1,0,1,1,8.2,40,27.9993
4,0,1,2,22.14,88,0.0
3,0,1,2,24.6,88,8.9981
2,0,1,1,13.94,71,7.0015
4,0,1,3,18.86,100,16.9979
4,0,0,1,10.66,60,11.0014
3,0,1,1,28.7,48,8.9981
1,0,1,1,13.94,57,7.0015
2,0,0,1,27.88,24,12.998
1,0,1,3,9.02,93,7.0015
1,0,0,1,12.3,52,22.0028
1,0,1,1,21.32,68,0.0
1,0,1,2,8.2,40,12.998
4,0,1,2,13.12,66,7.0015
1,0,0,2,18.04,94,16.9979
3,0,1,1,25.42,73,22.0028
2,0,1,1,27.06,74,7.0015
3,0,0,2,27.06,83,11.0014
4,0,0,1,6.56,59,8.9981
3,0,1,2,22.14,64,22.0028
2,0,0,1,18.86,82,7.0015
4,0,0,2,13.94,49,22.0028
3,0,0,1,24.6,83,7.0015
1,0,1,1,27.06,44,19.0012
3,0,1,1,24.6,78,6.0032
2,0,1,1,24.6,83,0.0
3,0,1,1,32.8,27,12.998
4,0,1,1,17.22,58,6.0032
1,0,0,2,12.3,100,15.0013
2,0,0,1,31.16,55,0.0
2,0,1,2,26.24,61,30.0026
3,0,1,1,29.52,74,7.0015
3,0,1,1,32.8,33,16.9979
3,0,1,2,31.16,45,15.0013
3,0,1,2,27.06,56,6.0032
1,0,1,1,10.66,33,35.0008
1,0,1,2,11.48,48,16.9979
3,0,1,1,28.7,61,8.9981
4,0,1,2,14.76,93,0.0
3,0,1,2,29.52,51,0.0
1,0,1,3,17.22,0,15.0013
3,0,0,2,30.34,70,19.0012
2,0,0,1,21.32,72,7.0015
4,0,1,2,13.12,45,15.0013
2,0,0,2,33.62,46,8.9981
4,0,1,1,20.5,45,27.9993
3,0,0,2,27.06,89,0.0
3,0,0,2,21.32,68,12.998
1,0,0,1,4.92,46,35.0008
4,0,1,1,13.94,93,0.0
1,0,1,3,5.74,86,12.998
3,0,1,2,27.06,89,0.0
3,0,0,3,29.52,84,16.9979
3,0,1,1,33.62,49,23.9994
4,0,1,3,19.68,48,16.9979
3,0,1,2,27.88,79,0.0
2,0,1,2,26.24,44,19.0012
4,0,0,1,17.22,77,19.9995
4,0,1,3,22.96,83,8.9981
2,0,1,1,21.32,77,0.0
4,0,1,1,17.22,50,23.9994
2,0,1,1,21.32,88,0.0
4,0,1,1,17.22,71,11.0014
4,0,0,1,22.96,40,26.0027
4,0,0,1,22.14,88,16.9979
2,0,1,2,22.96,68,15.0013
3,1,0,3,27.06,94,16.9979
1,0,1,2,12.3,75,11.0014
4,0,1,1,16.4,76,8.9981
1,0,1,2,25.42,38,36.9974
1,0,1,2,17.22,82,0.0
1,0,0,2,9.02,64,12.998
3,0,1,1,33.62,46,8.9981
1,0,0,1,7.38,37,27.9993
4,0,1,1,13.94,61,19.0012
3,0,1,1,26.24,69,6.0032
3,0,1,1,33.62,46,7.0015
2,0,1,1,24.6,56,11.0014
3,0,0,2,22.96,60,7.0015
1,0,1,2,12.3,52,15.0013
1,0,0,2,15.58,76,15.0013
3,0,0,3,26.24,83,8.9981
4,0,1,1,29.52,39,16.9979
4,0,1,1,13.12,53,15.0013
4,0,0,2,16.4,76,22.0028
4,0,1,2,22.96,46,39.0007
2,0,1,1,26.24,65,12.998
1,0,1,1,9.84,70,7.0015
2,0,0,3,21.32,83,39.0007
3,0,1,1,27.06,74,6.0032
2,0,1,2,23.78,78,7.0015
1,0,1,1,18.04,62,32.9975
4,0,1,1,19.68,67,16.9979
3,0,1,2,26.24,89,0.0
3,0,1,1,22.96,88,0.0
2,0,1,1,27.06,34,16.9979
4,0,0,1,24.6,73,12.998
4,0,1,1,22.14,60,19.0012
2,0,1,2,26.24,89,19.0012
2,0,0,1,33.62,56,16.9979
3,0,1,3,24.6,88,0.0
3,0,1,1,28.7,79,12.998
3,0,1,1,29.52,74,22.0028
4,0,1,1,27.06,41,0.0
3,0,1,1,30.34,58,15.0013
3,0,1,1,30.34,51,15.0013
2,0,1,1,29.52,23,19.9995
2,0,1,1,17.22,50,15.0013
2,0,1,2,24.6,78,8.9981
2,0,1,1,17.22,58,19.0012
1,0,1,1,13.12,53,19.0012
1,0,0,1,9.02,44,19.0012
4,0,0,1,22.96,73,6.0032
4,0,1,1,13.12,42,7.0015
4,0,1,1,16.4,40,15.0013
3,0,1,2,31.16,52,16.9979
3,0,0,1,28.7,65,0.0
4,0,1,1,13.12,49,12.998
2,0,0,2,30.34,51,7.0015
2,0,1,1,22.96,60,15.0013
4,0,0,1,12.3,61,7.0015
1,0,1,1,5.74,69,12.998
2,0,1,1,29.52,58,8.9981
3,0,0,1,31.98,66,7.0015
2,0,1,1,20.5,36,0.0
3,1,0,2,30.34,70,19.0012
3,0,0,2,25.42,88,0.0
2,0,1,2,25.42,69,12.998
3,0,0,3,31.16,67,16.9979
4,0,1,2,13.94,46,7.0015
4,0,0,2,13.12,49,12.998
4,0,0,1,13.94,87,6.0032
3,0,0,1,25.42,73,12.998
2,0,0,2,21.32,94,11.0014
4,0,1,1,9.02,80,0.0
1,0,1,2,18.86,88,0.0
2,1,0,1,22.14,52,30.0026
2,0,0,2,21.32,94,8.9981
4,0,1,1,25.42,50,0.0
3,0,1,1,30.34,66,11.0014
2,0,0,1,21.32,63,7.0015
2,0,0,2,15.58,94,8.9981
3,0,1,2,29.52,58,7.0015
2,0,1,1,22.96,43,6.0032
3,0,1,1,31.16,55,26.0027
3,0,1,1,26.24,73,7.0015
1,0,0,2,9.84,56,19.9995
4,0,0,2,11.48,61,6.0032
2,0,1,1,21.32,29,23.9994
4,0,1,1,18.04,18,27.9993
1,0,1,1,26.24,53,22.0028
4,0,0,1,16.4,69,7.0015
3,0,1,2,27.06,94,6.0032
1,0,1,1,9.84,21,7.0015
4,0,1,2,14.76,57,11.0014
4,0,1,1,12.3,49,23.9994
2,0,1,1,22.96,83,6.0032
1,0,0,1,14.76,32,35.0008
1,0,1,1,13.12,53,26.0027
2,0,1,3,24.6,78,22.0028
3,0,1,1,28.7,79,7.0015
2,0,1,1,22.96,37,19.0012
3,0,1,2,21.32,48,8.9981
3,0,1,1,27.06,83,6.0032
2,0,1,2,22.14,64,8.9981
1,0,1,2,15.58,34,0.0
2,0,1,1,13.94,66,16.9979
2,0,0,1,27.88,74,6.0032
3,0,1,1,27.06,74,7.0015
2,0,1,1,21.32,55,7.0015
2,0,1,2,22.96,43,8.9981
3,0,1,3,26.24,83,15.0013
3,0,1,1,22.96,88,7.0015
4,0,1,1,17.22,50,19.0012
3,0,1,1,28.7,74,19.0012
4,0,0,1,20.5,45,15.0013
4,0,1,2,14.76,81,11.0014
4,0,1,2,23.78,88,12.998
2,0,1,2,21.32,88,12.998
4,0,0,1,12.3,31,0.0
1,0,1,2,8.2,86,22.0028
3,0,1,1,27.06,74,6.0032
2,0,1,1,30.34,51,11.0014
4,0,1,1,22.96,52,19.9995
4,0,0,3,16.4,76,12.998
1,0,0,1,9.02,80,8.9981
3,1,0,1,27.06,94,0.0
4,0,1,1,13.12,53,15.0013
4,0,0,2,10.66,60,12.998
3,0,1,1,32.8,41,15.0013
1,0,1,1,10.66,56,6.0032
2,0,1,1,31.16,58,7.0015
2,0,0,3,12.3,100,16.9979
3,0,1,1,33.62,41,15.0013
2,0,0,1,13.12,57,15.0013
1,0,1,3,12.3,81,0.0
1,0,1,1,8.2,80,35.0008
2,0,1,1,30.34,28,7.0015
3,0,0,1,25.42,41,19.0012
4,0,0,2,16.4,87,19.0012
1,0,1,2,9.02,55,6.0032
3,0,1,1,28.7,74,0.0
4,0,1,1,16.4,50,0.0
3,0,1,1,29.52,66,0.0
4,0,0,1,14.76,93,8.9981
1,0,0,1,9.02,27,12.998
1,0,1,1,12.3,33,35.0008
2,0,0,2,21.32,59,8.9981
3,0,1,2,28.7,65,7.0015
1,0,1,1,13.94,46,35.0008
2,0,1,1,18.04,62,16.9979
4,0,1,3,18.86,88,26.0027
4,0,1,1,19.68,44,11.0014
3,0,1,1,31.16,45,22.0028
1,0,1,3,16.4,82,0.0
1,0,1,2,9.84,65,11.0014
3,0,1,1,22.96,73,6.0032
4,1,0,3,22.14,73,15.0013
4,0,0,1,12.3,28,0.0
2,0,1,1,25.42,29,16.9979
1,0,1,1,5.74,59,11.0014
3,0,0,1,18.86,72,11.0014
3,0,1,3,25.42,94,11.0014
4,0,1,3,16.4,76,0.0
1,0,0,2,11.48,52,16.9979
4,0,1,1,13.94,66,11.0014
2,0,1,1,17.22,62,6.0032
1,0,1,2,26.24,57,12.998
3,0,1,3,25.42,94,11.0014
3,0,1,1,29.52,70,7.0015
3,0,1,1,29.52,58,15.0013
4,0,0,1,13.12,61,8.9981
2,0,0,1,19.68,63,0.0
1,0,1,1,12.3,70,0.0
1,0,1,1,14.76,71,19.9995
2,0,1,2,30.34,58,11.0014
3,0,1,1,27.88,69,19.0012
2,0,1,1,14.76,53,11.0014
1,0,1,2,11.48,61,6.0032
2,0,0,2,27.06,78,0.0
4,0,1,1,18.86,88,16.9979
2,0,1,3,22.14,73,12.998
1,0,1,2,18.04,0,26.0027
2,0,1,3,21.32,94,15.0013
1,0,1,1,22.14,34,15.0013
2,0,1,1,12.3,65,22.0028
1,0,0,1,22.96,64,11.0014
1,0,0,1,10.66,75,7.0015
4,0,1,1,19.68,55,12.998
1,1,0,2,9.84,41,27.9993
4,0,0,1,12.3,87,6.0032
4,0,1,3,13.12,87,16.9979
1,0,0,1,5.74,50,0.0
2,0,1,1,22.96,94,0.0
4,0,1,2,15.58,94,0.0
4,0,0,1,22.14,45,11.0014
4,0,0,2,13.94,87,6.0032
4,0,1,2,21.32,68,15.0013
1,0,1,1,11.48,45,16.9979
3,0,1,1,31.16,66,11.0014
3,0,1,2,28.7,54,0.0
2,0,1,1,36.9,42,15.0013
1,0,1,2,12.3,56,11.0014
3,0,1,1,28.7,79,19.0012
1,0,1,1,19.68,41,15.0013
4,0,1,2,18.86,88,6.0032
3,0,1,1,25.42,53,8.9981
1,0,1,1,15.58,50,16.9979
2,0,0,2,26.24,69,7.0015
4,0,0,1,22.14,56,12.998
3,0,1,1,28.7,70,16.9979
2,0,1,2,18.86,82,22.0028
3,0,1,1,32.8,49,11.0014
3,0,1,1,30.34,66,19.9995
2,1,0,1,32.8,31,26.0027
1,0,1,1,20.5,45,15.0013
4,0,1,2,20.5,77,19.9995
3,0,1,1,31.16,66,8.9981
1,0,1,1,12.3,52,27.9993
2,0,1,1,23.78,21,16.9979
4,0,0,1,13.12,45,27.9993
4,0,1,1,21.32,45,11.0014
4,0,0,1,10.66,48,16.9979
2,0,1,2,19.68,88,7.0015
3,0,1,2,24.6,60,12.998
2,0,1,1,21.32,68,0.0
3,1,0,2,27.88,69,19.0012
1,0,1,1,13.94,31,23.9994
4,0,1,1,15.58,40,11.0014
2,0,1,1,20.5,27,19.0012
1,0,0,1,13.94,42,12.998
2,0,1,1,21.32,48,0.0
1,0,1,2,13.12,87,11.0014
4,0,1,1,13.12,31,22.0028
3,0,1,1,24.6,69,8.9981
2,0,1,2,24.6,78,12.998
4,0,1,1,9.02,60,15.0013
3,0,1,2,28.7,70,11.0014
1,0,0,1,9.02,42,19.0012
1,0,1,1,5.74,50,12.998
1,0,0,3,18.04,100,15.0013
1,0,0,1,9.84,41,22.0028
3,0,0,1,29.52,74,7.0015
2,0,1,1,26.24,27,19.0012
3,0,1,2,29.52,74,16.9979
1,0,1,2,7.38,43,11.0014
3,0,1,2,29.52,70,7.0015
2,0,1,2,25.42,50,6.0032
2,0,1,2,23.78,56,8.9981
4,0,1,2,13.12,49,15.0013
4,0,1,2,13.12,66,11.0014
3,0,1,2,31.16,66,6.0032
4,0,1,2,10.66,70,6.0032
4,0,1,1,13.94,42,19.9995
1,0,1,1,21.32,68,8.9981
4,0,1,1,14.76,50,22.0028
3,1,0,1,36.9,35,0.0
2,0,1,1,31.16,27,15.0013
1,0,1,1,11.48,28,22.0028
4,0,1,1,8.2,69,7.0015
4,1,0,2,13.94,76,11.0014
2,0,1,1,18.86,51,8.9981
3,0,0,1,27.88,65,19.9995
4,0,1,2,15.58,50,15.0013
4,0,1,1,13.94,46,15.0013
2,0,1,1,24.6,83,19.9995
3,0,1,1,31.16,62,12.998
1,0,1,3,5.74,93,0.0
1,1,0,1,4.1,58,11.0014
4,0,1,1,17.22,35,7.0015
4,0,1,2,10.66,65,0.0
3,0,1,1,29.52,62,22.0028
3,0,1,1,30.34,48,6.0032
2,0,1,2,24.6,53,8.9981
2,0,1,2,25.42,53,19.9995
3,1,0,1,32.8,46,8.9981
4,0,1,1,14.76,81,6.0032
3,0,1,1,20.5,77,6.0032
1,0,1,3,14.76,93,16.9979
3,0,1,1,15.58,71,15.0013
4,0,1,2,16.4,87,0.0
1,0,0,2,11.48,81,7.0015
1,0,1,2,14.76,81,11.0014
3,0,1,1,28.7,79,27.9993
2,0,1,1,28.7,54,19.0012
2,0,0,2,26.24,69,7.0015
2,0,1,3,20.5,82,12.998
3,0,1,2,32.8,36,7.0015
1,0,1,1,9.84,70,6.0032
2,0,1,1,23.78,83,0.0
4,0,1,1,12.3,56,15.0013
2,0,1,1,23.78,60,6.0032
2,0,1,2,13.94,87,0.0
4,0,1,1,17.22,71,8.9981
1,0,1,1,13.94,36,19.9995
2,0,0,1,24.6,78,16.9979
2,0,0,1,22.96,68,8.9981
2,0,0,2,27.06,50,19.0012
4,0,0,1,22.96,68,6.0032
2,0,1,1,32.8,63,8.9981
3,0,1,1,22.96,64,7.0015
4,0,1,1,17.22,77,11.0014
4,0,0,2,11.48,61,6.0032
1,0,1,1,17.22,38,19.9995
1,0,0,1,9.02,51,16.9979
4,0,1,1,11.48,52,7.0015
2,0,0,1,26.24,69,16.9979
4,0,0,1,12.3,52,19.9995
2,0,0,2,20.5,88,8.9981
4,0,1,1,10.66,65,16.9979
2,0,1,1,22.14,52,0.0
4,0,1,1,12.3,52,26.0027
3,0,1,2,24.6,60,0.0
1,0,0,1,4.1,46,31.0009
3,0,1,1,35.26,34,15.0013
3,0,0,1,25.42,69,12.998
3,0,1,1,33.62,28,0.0
4,0,1,1,15.58,76,0.0
2,0,0,1,16.4,43,27.9993
3,0,1,2,30.34,70,0.0
1,0,1,2,9.02,93,6.0032
2,0,1,2,26.24,69,19.0012
2,0,1,2,24.6,56,16.9979
4,0,0,1,12.3,70,8.9981
4,0,1,2,17.22,77,22.0028
3,0,1,1,31.16,58,7.0015
3,0,1,1,22.96,83,6.0032
3,0,1,1,27.06,74,8.9981
2,0,1,1,22.96,21,15.0013
2,0,1,2,28.7,79,11.0014
4,0,1,1,9.84,65,11.0014
3,0,0,1,35.26,47,35.0008
1,0,1,2,6.56,86,7.0015
4,0,0,1,16.4,71,15.0013
1,0,0,1,9.02,35,23.9994
3,0,1,2,35.26,50,19.9995
2,0,1,1,28.7,84,16.9979
4,0,1,3,14.76,81,15.0013
2,0,1,2,22.14,68,15.0013
4,0,0,1,25.42,46,7.0015
2,0,1,1,22.14,88,7.0015
3,0,1,1,29.52,70,16.9979
3,0,1,2,28.7,74,7.0015
2,0,1,2,22.96,83,19.9995
1,0,0,2,18.86,88,19.9995
3,0,1,1,29.52,54,12.998
1,0,1,2,13.12,93,22.0028
4,0,1,1,16.4,71,0.0
3,0,1,1,25.42,57,0.0
3,0,1,1,34.44,44,16.9979
3,0,1,1,31.98,31,16.9979
3,0,1,1,26.24,78,19.0012
4,0,1,1,13.94,61,8.9981
3,0,1,2,27.06,89,7.0015
2,0,0,1,20.5,64,0.0
2,0,0,1,24.6,60,16.9979
3,0,0,2,33.62,52,0.0
3,0,1,1,31.16,62,22.0028
2,0,1,1,22.14,37,26.0027
4,0,1,1,19.68,77,11.0014
1,0,0,1,18.04,38,27.9993
1,0,0,1,4.92,80,7.0015
4,0,0,1,16.4,66,0.0
2,0,1,2,24.6,88,8.9981
3,0,1,3,24.6,88,6.0032
1,0,1,2,18.04,94,8.9981
1,0,1,2,13.12,87,11.0014
2,0,1,1,16.4,66,15.0013
1,0,1,1,5.74,59,27.9993
2,0,0,1,22.14,68,8.9981
2,0,1,1,31.98,35,0.0
1,0,1,1,9.84,65,11.0014
3,0,1,1,28.7,79,8.9981
3,0,1,2,27.06,74,7.0015
3,0,1,1,27.88,69,11.0014
4,0,0,1,8.2,80,8.9981
1,0,1,1,9.84,32,23.9994
4,0,1,1,12.3,39,0.0
4,0,1,3,16.4,76,0.0
2,0,1,1,22.14,64,26.0027
1,0,0,1,9.84,65,12.998
3,1,0,2,26.24,83,8.9981
2,0,0,2,25.42,65,11.0014
3,0,1,2,31.98,66,15.0013
2,0,1,1,27.06,34,8.9981
1,0,1,1,10.66,22,0.0
3,0,1,3,25.42,91,11.0014
2,0,0,1,24.6,60,6.0032
2,0,0,2,32.8,46,12.998
4,0,1,1,18.86,33,19.0012
2,0,0,1,22.96,52,7.0015
1,0,0,1,9.02,87,0.0
4,0,1,1,13.12,31,8.9981
3,0,1,1,26.24,69,8.9981
2,0,1,1,21.32,23,27.9993
3,0,1,1,29.52,58,0.0
2,0,1,1,24.6,78,8.9981
2,0,1,1,21.32,27,19.0012
1,0,1,1,7.38,55,0.0
2,0,1,2,18.86,59,30.0026
2,0,1,1,26.24,23,16.9979
4,0,1,1,13.94,49,6.0032
3,0,1,1,30.34,66,12.998
4,0,0,1,25.42,53,6.0032
4,0,1,2,25.42,88,7.0015
1,0,1,1,9.02,69,12.998
3,0,1,3,28.7,79,12.998
3,0,0,1,23.78,94,11.0014
3,0,0,3,27.88,83,6.0032
3,0,0,2,25.42,69,7.0015
4,0,1,1,15.58,76,0.0
4,0,1,1,16.4,76,0.0
4,0,1,2,10.66,56,11.0014
3,0,1,2,25.42,100,0.0
3,0,0,2,26.24,73,8.9981
1,0,1,1,9.02,80,8.9981
1,0,1,3,12.3,81,15.0013
3,0,1,1,25.42,78,0.0
3,0,0,1,26.24,78,19.9995
1,0,1,1,21.32,63,6.0032
3,0,0,1,22.96,52,0.0
3,0,1,2,25.42,78,11.0014
4,0,0,2,21.32,29,27.9993
2,0,0,2,20.5,59,7.0015
3,0,1,1,25.42,38,16.9979
3,0,1,2,27.06,83,11.0014
4,0,1,1,14.76,46,26.0027
3,0,1,1,24.6,88,16.9979
2,0,1,2,16.4,100,19.9995
2,0,1,3,22.96,84,0.0
3,0,1,1,29.52,70,6.0032
4,0,0,1,11.48,81,11.0014
2,1,0,1,28.7,45,19.9995
4,0,1,1,14.76,87,6.0032
4,0,0,1,16.4,40,12.998
2,0,0,1,20.5,25,19.0012
1,0,1,1,10.66,41,22.0028
4,0,1,2,24.6,88,8.9981
2,0,1,1,23.78,30,31.0009
4,1,0,1,13.94,42,32.9975
2,0,1,1,22.96,88,19.0012
1,0,1,1,8.2,64,19.0012
2,0,1,1,26.24,53,15.0013
1,0,1,1,18.86,63,11.0014
2,0,0,1,27.88,41,6.0032
4,0,1,3,18.86,100,15.0013
1,0,0,1,11.48,56,7.0015
3,0,0,1,32.8,46,19.0012
4,0,1,1,9.02,64,15.0013
1,0,1,1,12.3,62,6.0032
1,0,0,2,12.3,87,12.998
2,0,0,1,28.7,37,8.9981
3,0,0,1,28.7,58,8.9981
2,0,1,3,12.3,93,27.9993
2,0,0,1,22.14,64,6.0032
3,0,0,1,30.34,55,19.0012
3,0,1,3,22.14,83,26.0027
3,0,1,2,27.88,89,8.9981
3,0,1,2,28.7,79,0.0
3,0,1,1,24.6,83,6.0032
2,0,0,1,16.4,62,12.998
2,0,1,1,27.88,57,23.9994
1,0,1,1,9.02,44,23.9994
1,0,0,1,12.3,61,11.0014
1,0,0,1,9.84,65,16.9979
3,0,1,1,36.9,27,0.0
1,0,1,2,14.76,50,7.0015
2,0,1,1,17.22,94,0.0
3,0,1,2,22.14,81,27.9993
2,0,1,2,22.14,49,22.0028
2,0,1,1,20.5,94,0.0
2,0,0,2,30.34,55,12.998
1,0,1,1,8.2,27,19.0012
1,0,1,1,26.24,33,11.0014
1,0,0,1,17.22,47,32.9975
2,0,1,1,24.6,56,19.9995
1,0,0,2,17.22,77,19.0012
4,0,1,1,24.6,40,15.0013
3,0,1,1,27.06,89,8.9981
4,0,1,2,16.4,58,19.0012
4,0,1,1,12.3,70,11.0014
1,0,1,1,16.4,50,11.0014
1,0,1,2,13.12,93,8.9981
2,0,1,1,27.88,51,0.0
3,0,0,1,28.7,58,8.9981
4,0,1,1,9.84,52,12.998
3,0,1,3,28.7,74,15.0013
3,0,1,1,26.24,69,15.0013
1,0,0,1,10.66,60,15.0013
4,0,1,3,18.86,88,15.0013
2,0,1,2,22.14,88,15.0013
3,0,0,1,24.6,43,27.9993
1,0,1,1,12.3,52,11.0014
4,0,1,1,17.22,44,7.0015
1,0,1,1,19.68,82,19.0012
4,0,0,2,18.04,72,7.0015
1,0,0,1,21.32,34,27.9993
3,0,1,1,32.8,59,16.9979
2,0,1,1,18.86,67,19.9995
3,0,1,1,34.44,41,7.0015
2,0,0,2,12.3,93,11.0014
4,0,1,1,13.94,61,26.0027
1,0,0,1,9.02,51,19.0012
1,0,1,2,8.2,64,12.998
1,0,1,1,5.74,46,22.0028
2,0,0,2,21.32,72,12.998
4,0,1,3,18.86,100,12.998
1,1,0,2,6.56,50,16.9979
3,0,0,2,26.24,78,7.0015
3,0,1,1,30.34,51,19.0012
2,0,1,1,27.06,34,8.9981
4,0,1,2,22.96,64,12.998
4,0,1,2,14.76,66,16.9979
3,0,1,1,33.62,36,19.9995
2,0,1,1,13.94,46,19.0012
3,0,1,3,26.24,89,16.9979
1,0,1,3,13.12,76,0.0
2,0,1,1,16.4,40,23.9994
1,0,1,1,7.38,40,7.0015
2,0,1,2,32.8,46,19.0012
1,0,1,1,0.82,41,12.998
4,0,1,1,10.66,52,16.9979
4,0,0,1,15.58,46,15.0013
3,0,0,1,26.24,65,0.0
2,0,0,1,22.96,49,19.9995
2,0,0,1,26.24,78,15.0013
2,0,1,1,22.96,56,7.0015
3,0,1,1,28.7,74,19.9995
3,0,1,1,32.8,66,8.9981
4,0,1,1,25.42,43,22.0028
4,1,0,1,13.12,87,8.9981
3,0,0,1,30.34,37,11.0014
3,0,1,1,30.34,66,0.0
4,0,1,2,14.76,57,12.998
2,0,0,3,24.6,35,11.0014
4,1,0,3,16.4,71,15.0013
1,0,1,1,24.6,64,15.0013
3,0,1,2,36.9,24,12.998
4,0,1,1,18.86,82,7.0015
4,0,1,1,20.5,82,7.0015
1,0,1,1,18.86,28,27.9993
2,0,1,1,37.72,40,16.9979
3,0,1,1,30.34,66,8.9981
1,0,0,3,3.28,79,31.0009
1,0,1,1,8.2,51,12.998
3,0,0,1,37.72,33,8.9981
2,0,0,2,13.94,81,6.0032
3,0,1,1,36.9,33,16.9979
2,0,1,3,18.86,47,16.9979
1,0,1,2,7.38,51,0.0
4,0,1,1,12.3,52,6.0032
1,0,1,1,8.2,82,7.0015
2,0,1,3,22.14,88,16.9979
2,0,1,2,21.32,94,16.9979
1,0,1,1,22.14,73,19.0012
3,0,0,1,18.04,82,16.9979
4,0,1,2,10.66,56,19.9995
4,0,1,3,22.14,100,7.0015
1,0,1,1,11.48,56,19.9995
1,0,1,1,13.94,71,19.0012
3,0,0,1,30.34,70,16.9979
2,0,0,1,21.32,59,7.0015
4,0,1,1,19.68,67,15.0013
3,0,1,1,25.42,78,12.998
1,0,1,1,13.12,76,7.0015
1,0,0,1,16.4,54,12.998
4,0,1,1,22.14,68,7.0015
1,0,0,2,8.2,40,36.9974
2,0,1,1,23.78,78,15.0013
1,0,0,1,14.76,50,23.9994
4,0,1,2,28.7,70,7.0015
4,0,1,1,13.94,46,23.9994
4,0,0,1,14.76,87,0.0
1,0,1,1,13.12,61,23.9994
3,0,0,2,26.24,73,7.0015
1,0,1,2,8.2,86,0.0
3,0,1,1,24.6,56,8.9981
2,0,1,1,15.58,71,19.9995
4,0,1,2,18.86,77,7.0015
3,0,1,3,28.7,74,15.0013
2,0,1,1,20.5,34,27.9993
3,0,1,1,38.54,38,22.0028
1,0,0,1,9.02,41,16.9979
4,0,1,2,15.58,87,7.0015
1,0,1,2,14.76,25,11.0014
2,0,0,1,25.42,57,12.998
2,0,1,1,18.04,77,8.9981
3,0,0,1,30.34,70,15.0013
2,0,1,1,18.86,51,15.0013
3,1,0,2,27.88,79,7.0015
3,0,1,3,24.6,93,0.0
1,0,1,1,6.56,31,32.9975
1,0,1,2,8.2,37,8.9981
1,0,1,1,13.94,42,22.0028
3,0,1,1,28.7,79,19.0012
2,0,1,1,22.14,83,19.0012
3,0,0,1,30.34,66,15.0013
3,1,0,1,37.72,35,19.9995
1,0,1,1,19.68,23,27.9993
4,0,1,1,20.5,68,0.0
3,0,1,1,33.62,43,15.0013
1,0,0,1,13.12,53,8.9981
4,0,1,1,20.5,77,11.0014
3,0,1,1,29.52,54,0.0
3,0,0,1,29.52,51,6.0032
2,0,1,1,26.24,33,0.0
1,0,1,1,16.4,43,12.998
2,0,1,1,28.7,54,12.998
3,0,1,1,28.7,54,7.0015
2,0,1,1,22.14,73,11.0014
3,0,1,1,29.52,58,7.0015
3,0,1,2,27.06,94,6.0032
2,0,1,1,29.52,54,26.0027
3,0,1,1,28.7,65,15.0013
4,0,1,1,10.66,41,19.0012
3,0,0,1,25.42,50,11.0014
1,0,0,1,14.76,21,6.0032
3,0,1,1,27.06,65,7.0015
1,0,0,1,9.02,80,0.0
3,0,1,1,31.16,55,0.0
2,0,1,1,22.14,73,19.0012
1,0,0,1,18.86,31,19.0012
3,0,1,1,31.16,48,19.0012
4,0,0,1,9.84,60,8.9981
2,0,0,1,22.14,49,15.0013
3,0,1,1,32.8,63,8.9981
1,0,1,1,0.82,41,11.0014
2,0,1,1,15.58,76,15.0013
1,0,0,1,9.02,69,12.998
4,0,0,2,17.22,71,7.0015
2,0,1,1,18.86,88,16.9979
2,0,1,1,13.94,66,26.0027
1,0,1,2,19.68,72,0.0
2,0,1,2,20.5,77,0.0
1,0,0,1,9.84,44,16.9979
2,0,1,3,20.5,88,11.0014
3,0,1,1,34.44,56,6.0032
4,0,1,1,9.84,70,0.0
2,0,1,1,22.96,28,36.9974
3,0,1,1,26.24,78,6.0032
4,0,1,1,12.3,52,11.0014
2,0,1,2,29.52,79,12.998
2,0,1,2,13.94,76,11.0014
3,0,1,1,27.06,50,11.0014
2,0,1,1,22.96,26,32.9975
3,0,0,2,27.88,57,6.0032
3,0,1,1,31.98,49,19.9995
4,0,1,1,13.12,45,8.9981
3,1,0,1,27.06,74,11.0014
2,0,1,1,20.5,63,15.0013
3,0,0,1,22.96,60,8.9981
4,0,1,1,30.34,37,15.0013
3,0,1,3,27.06,94,8.9981
3,0,1,1,28.7,65,12.998
2,0,0,2,31.16,52,15.0013
4,0,1,1,17.22,58,16.9979
3,0,0,1,27.06,74,15.0013
1,0,1,1,13.12,49,22.0028
1,0,1,1,21.32,27,19.0012
3,0,0,3,28.7,79,11.0014
2,0,1,1,27.06,65,12.998
2,0,1,1,18.04,72,15.0013
3,0,1,1,31.16,58,6.0032
3,0,0,1,29.52,79,6.0032
3,0,1,2,27.88,83,12.998
2,0,1,1,20.5,27,26.0027
4,0,1,2,22.96,83,19.0012
4,0,0,2,12.3,87,0.0
4,0,1,1,22.96,60,26.0027
4,0,1,1,22.96,37,7.0015
1,0,1,2,13.12,93,0.0
1,0,1,1,5.74,59,16.9979
2,0,0,1,23.78,53,15.0013
4,0,1,2,13.94,42,0.0
4,0,1,1,11.48,52,16.9979
2,0,1,1,19.68,48,7.0015
2,0,1,3,13.94,93,26.0027
2,0,1,1,25.42,38,19.0012
3,0,1,2,26.24,89,30.0026
4,0,1,1,16.4,24,32.9975
4,0,0,3,14.76,81,11.0014
3,0,0,1,18.86,77,15.0013
4,0,0,1,10.66,38,15.0013
1,0,0,1,17.22,24,0.0
4,0,1,2,15.58,87,0.0
3,0,1,1,31.16,29,0.0
4,0,1,1,9.02,69,6.0032
1,1,0,2,7.38,43,7.0015
3,0,1,1,26.24,33,0.0
2,0,1,1,18.04,62,26.0027
3,0,1,2,27.06,83,6.0032
4,0,1,1,16.4,87,0.0
3,0,0,1,27.88,47,6.0032
2,0,0,1,26.24,89,19.0012
3,0,1,1,29.52,79,0.0
4,0,1,1,18.04,18,27.9993
1,0,1,1,10.66,81,7.0015
2,0,1,3,24.6,88,8.9981
3,0,1,2,31.16,58,8.9981
2,0,1,1,19.68,48,0.0
3,0,1,2,35.26,36,15.0013
4,0,1,1,18.86,47,30.0026
4,0,1,2,24.6,69,8.9981
1,0,1,1,9.84,65,19.0012
4,0,0,2,9.84,60,15.0013
2,0,1,1,18.04,58,8.9981
2,0,1,1,20.5,45,31.0009
2,0,1,1,29.52,54,31.0009
2,0,0,1,27.06,74,7.0015
1,0,0,1,8.2,34,30.0026
3,0,1,2,30.34,70,8.9981
3,0,1,1,22.96,83,0.0
4,0,0,1,17.22,58,15.0013
1,0,1,1,25.42,33,15.0013
3,0,1,1,32.8,26,0.0
2,0,0,1,31.16,45,6.0032
1,0,0,1,5.74,63,0.0
3,0,1,1,30.34,66,8.9981
1,0,1,1,7.38,29,12.998
2,0,1,2,20.5,72,15.0013
3,0,1,1,27.88,79,11.0014
4,0,1,3,25.42,69,23.9994
1,0,0,2,19.68,59,19.9995
1,0,0,2,18.04,67,16.9979
3,0,0,2,28.7,84,0.0
2,0,1,1,22.14,32,27.9993
3,0,1,1,28.7,28,7.0015
1,0,1,3,11.48,75,16.9979
4,0,1,1,18.04,77,0.0
3,0,1,2,27.88,79,43.0006
1,0,0,1,9.84,60,11.0014
3,0,0,1,24.6,73,8.9981
3,0,0,2,27.06,36,16.9979
4,0,0,1,12.3,56,19.9995
3,0,1,1,29.52,62,19.9995
3,0,0,1,39.36,26,8.9981
1,0,1,3,13.12,76,6.0032
1,0,1,2,9.84,70,0.0
3,0,0,1,29.52,84,7.0015
3,0,1,3,29.52,79,7.0015
4,0,0,1,13.12,87,7.0015
3,0,1,1,35.26,34,12.998
3,0,1,3,25.42,73,7.0015
4,0,0,1,18.04,54,15.0013
2,0,0,2,13.94,66,7.0015
4,0,1,1,14.76,57,8.9981
3,0,0,2,28.7,84,8.9981
1,0,1,1,18.86,63,23.9994
4,0,1,1,12.3,56,15.0013
1,0,1,2,9.84,87,8.9981
3,0,1,1,33.62,56,22.0028
1,0,0,1,4.92,39,23.9994
4,0,0,1,19.68,55,16.9979
1,0,0,1,18.04,13,26.0027
3,0,1,3,27.06,94,8.9981
4,0,1,1,13.12,39,12.998
3,0,1,1,18.86,72,6.0032
2,0,0,2,18.86,82,0.0
4,0,1,2,12.3,52,19.0012
1,0,1,1,7.38,34,43.9989
3,0,1,1,31.98,59,11.0014
2,0,0,1,20.5,88,6.0032
4,0,1,2,14.76,66,16.9979
3,0,1,1,27.06,65,8.9981
4,0,1,1,18.86,59,0.0
4,0,1,1,12.3,61,7.0015
4,0,0,1,14.76,81,7.0015
1,0,0,1,15.58,66,6.0032
3,0,0,1,26.24,78,19.0012
2,0,1,3,10.66,93,12.998
3,0,1,1,35.26,41,0.0
4,0,0,1,17.22,47,16.9979
2,0,0,2,16.4,71,12.998
1,0,1,3,13.12,66,22.0028
4,0,1,1,11.48,48,0.0
2,0,1,1,18.04,41,16.9979
4,0,1,1,12.3,61,22.0028
3,0,1,1,32.8,49,11.0014
2,0,1,1,29.52,51,12.998
4,0,1,1,18.86,55,19.9995
2,0,1,1,21.32,59,6.0032
4,0,1,3,21.32,88,11.0014
3,0,0,1,36.08,42,27.9993
1,0,0,2,18.04,88,0.0
3,0,1,3,22.14,94,26.0027
2,0,1,1,27.06,44,7.0015
2,0,1,3,24.6,78,16.9979
3,0,0,1,20.5,72,15.0013
2,0,1,1,32.8,38,15.0013
1,0,1,1,10.66,65,6.0032
2,0,1,2,25.42,38,16.9979
1,0,0,1,4.1,49,19.0012
1,0,1,2,8.2,75,0.0
1,0,1,1,13.12,21,15.0013
2,0,1,2,18.86,55,0.0
2,0,1,1,27.06,61,12.998
3,0,1,2,22.14,88,27.9993
2,0,1,1,25.42,83,12.998
1,0,1,2,9.02,93,7.0015
4,0,0,1,13.12,70,16.9979
3,0,1,1,28.7,28,0.0
1,0,0,2,10.66,56,22.0028
1,0,0,1,16.4,37,19.9995
2,0,1,1,9.84,65,8.9981
1,0,0,2,12.3,45,16.9979
2,0,1,1,22.14,39,30.0026
1,0,0,2,17.22,28,22.0028
4,0,1,1,18.04,67,6.0032
3,0,1,1,28.7,58,26.0027
4,1,0,1,13.94,76,7.0015
3,0,1,1,34.44,44,0.0
2,1,0,1,30.34,45,19.9995
2,0,1,1,28.7,42,0.0
2,0,0,1,10.66,65,8.9981
1,0,1,1,6.56,28,8.9981
2,0,1,2,13.94,76,8.9981
3,0,1,1,27.06,31,26.0027
4,0,1,1,10.66,60,7.0015
4,0,0,1,9.84,87,8.9981
2,0,1,1,25.42,73,19.0012
3,0,1,1,26.24,73,8.9981
3,0,0,2,27.06,89,19.0012
4,0,0,1,8.2,75,8.9981
3,0,1,2,31.16,52,11.0014
1,0,1,1,9.02,47,26.0027
3,0,0,1,38.54,38,16.9979
4,0,1,2,23.78,43,15.0013
3,0,1,1,32.8,33,7.0015
3,0,1,1,36.9,35,23.9994
3,0,0,1,27.88,34,22.0028
1,0,0,1,13.94,57,12.998
4,0,0,1,16.4,87,7.0015
2,0,1,1,14.76,57,22.0028
3,0,1,2,32.8,42,11.0014
3,0,1,1,29.52,66,12.998
3,0,0,1,30.34,51,6.0032
4,0,1,1,15.58,46,19.9995
3,0,1,1,22.96,64,6.0032
4,0,0,2,14.76,93,7.0015
2,1,0,1,27.88,57,16.9979
3,0,1,2,28.7,74,8.9981
4,0,1,1,13.94,46,0.0
2,0,1,1,24.6,43,0.0
4,0,1,2,17.22,71,6.0032
2,0,1,1,31.16,29,12.998
4,0,0,1,9.84,60,7.0015
3,0,1,1,25.42,41,12.998
2,0,1,1,22.96,52,19.0012
4,0,1,1,10.66,65,7.0015
4,0,0,1,14.76,76,23.9994
2,0,0,1,21.32,77,6.0032
4,0,1,1,21.32,42,30.0026
4,0,1,2,26.24,89,6.0032
4,0,0,2,16.4,62,0.0
2,0,1,1,18.04,44,19.9995
1,0,1,1,15.58,58,26.0027
3,0,1,1,22.96,73,6.0032
1,0,0,2,4.1,46,47.9988
1,0,1,1,9.84,87,6.0032
4,0,1,1,18.04,47,19.9995
2,0,0,2,31.16,48,11.0014
1,0,1,2,8.2,69,8.9981
2,0,1,2,22.96,73,6.0032
1,0,1,2,18.04,82,8.9981
2,0,0,1,11.48,65,12.998
3,0,0,1,27.06,89,12.998
4,0,0,2,9.84,87,7.0015
1,0,1,1,11.48,75,6.0032
4,0,0,1,14.76,66,12.998
4,0,1,3,14.76,81,19.9995
1,0,0,1,9.84,65,12.998
2,0,0,2,25.42,61,7.0015
2,0,0,2,18.86,72,8.9981
3,0,1,2,31.98,62,8.9981
4,0,0,1,18.86,55,15.0013
2,0,1,3,22.96,88,16.9979
1,0,1,3,9.02,93,7.0015
1,0,0,3,11.48,81,8.9981
3,0,1,2,29.52,54,19.9995
1,0,1,2,7.38,43,6.0032
1,0,1,3,16.4,58,19.9995
4,0,0,1,12.3,65,0.0
2,0,0,2,22.96,83,19.0012
1,0,1,1,12.3,52,15.0013
1,0,1,1,13.12,57,12.998
1,0,1,2,7.38,86,0.0
1,0,1,1,28.7,32,0.0
3,0,0,1,30.34,55,19.0012
4,0,0,1,18.04,62,11.0014
1,0,0,1,4.1,49,26.0027
4,0,1,1,26.24,69,15.0013
1,0,1,1,23.78,35,15.0013
2,0,0,1,24.6,46,6.0032
1,0,1,1,8.2,40,6.0032
4,0,1,1,17.22,71,7.0015
1,0,1,3,13.12,93,11.0014
1,0,1,2,9.84,70,7.0015
2,0,1,1,32.8,41,23.9994
2,1,0,1,21.32,55,32.9975
1,0,1,1,18.86,88,11.0014
4,0,1,1,18.86,88,7.0015
1,0,0,1,14.76,34,23.9994
2,0,0,2,28.7,48,6.0032
2,0,0,1,16.4,58,8.9981
3,0,1,1,28.7,42,0.0
3,0,0,3,23.78,83,12.998
1,0,1,1,9.02,37,19.9995
2,0,0,1,16.4,43,19.0012
3,0,1,1,33.62,38,11.0014
3,0,0,1,30.34,55,15.0013
1,0,0,1,19.68,36,19.0012
3,0,1,2,32.8,59,15.0013
4,0,0,1,15.58,43,12.998
1,0,1,2,15.58,54,6.0032
4,0,0,1,17.22,35,19.9995
3,0,1,1,34.44,41,19.0012
4,0,1,1,13.94,46,16.9979
3,0,1,1,29.52,74,7.0015
4,0,0,2,17.22,67,12.998
1,0,1,1,8.2,51,26.0027
3,0,1,3,31.16,62,15.0013
2,0,0,2,13.94,81,8.9981
3,0,0,1,22.96,52,19.0012
3,0,1,1,22.96,88,6.0032
1,0,1,1,17.22,32,19.9995
4,0,1,2,16.4,66,22.0028
3,1,0,2,30.34,70,8.9981
2,0,0,2,14.76,81,8.9981
3,0,1,1,28.7,61,8.9981
1,0,1,1,12.3,26,36.9974
3,0,1,1,29.52,66,8.9981
2,0,1,1,28.7,54,31.0009
4,0,1,1,25.42,83,12.998
1,0,1,1,3.28,63,6.0032
3,0,1,1,23.78,78,6.0032
4,0,1,3,18.86,100,11.0014
4,0,1,1,12.3,56,6.0032
2,0,1,1,27.88,22,23.9994
2,0,1,1,26.24,47,15.0013
1,0,1,3,14.76,93,0.0
1,0,1,2,22.14,60,31.0009
2,0,0,1,28.7,39,19.0012
2,0,0,1,22.14,64,7.0015
3,0,0,1,32.8,59,15.0013
1,0,1,1,7.38,69,0.0
1,0,1,1,9.02,35,35.0008
2,0,1,1,27.06,54,12.998
3,0,1,1,27.06,83,0.0
3,0,1,3,29.52,66,32.9975
1,0,1,1,24.6,60,19.0012
4,0,1,1,18.04,77,15.0013
2,0,1,1,18.04,44,11.0014
1,0,1,1,5.74,50,19.9995
1,0,1,1,5.74,86,11.0014
4,0,1,2,14.76,81,26.0027
4,0,0,1,10.66,52,19.9995
3,0,1,2,30.34,66,6.0032
3,0,1,1,30.34,48,12.998
4,0,1,1,21.32,59,15.0013
4,0,0,1,11.48,30,0.0
2,0,1,1,22.14,49,15.0013
1,0,1,3,9.84,87,12.998
2,0,0,1,24.6,53,19.9995
4,0,1,1,13.94,87,0.0
4,0,1,1,12.3,75,15.0013
1,0,1,2,18.04,94,0.0
4,0,1,1,16.4,20,19.9995
4,0,1,1,14.76,50,12.998
1,0,1,1,9.02,47,22.0028
2,0,1,1,25.42,46,12.998
2,0,0,1,22.96,68,16.9979
1,0,0,1,8.2,86,0.0
1,0,0,1,12.3,49,30.0026
4,0,1,3,15.58,62,11.0014
4,0,1,2,14.76,93,6.0032
1,0,1,2,8.2,80,8.9981
2,0,1,2,30.34,79,8.9981
1,0,0,3,17.22,88,11.0014
4,0,1,1,14.76,93,0.0
2,0,1,1,32.8,22,32.9975
2,0,1,1,30.34,48,35.0008
2,0,1,1,22.96,83,0.0
3,0,1,2,20.5,51,8.9981
1,0,1,1,16.4,50,11.0014
3,0,1,1,29.52,79,0.0
4,0,1,1,15.58,29,31.0009
2,0,1,2,20.5,42,12.998
3,0,1,1,22.14,94,7.0015
4,1,0,1,21.32,72,8.9981
2,0,1,1,19.68,33,27.9993
2,0,0,2,26.24,53,12.998
1,0,1,2,9.02,44,6.0032
2,0,1,1,22.96,46,16.9979
1,0,1,1,24.6,43,26.0027
1,0,0,1,7.38,29,15.0013
2,0,0,2,30.34,30,11.0014
4,0,0,1,15.58,76,8.9981
4,0,1,2,23.78,64,26.0027
2,0,0,1,20.5,42,12.998
1,0,1,1,9.02,37,27.9993
4,0,1,1,18.86,67,0.0
4,0,1,1,15.58,46,11.0014
2,0,1,1,22.96,73,16.9979
3,0,0,3,31.98,52,11.0014
3,0,1,2,22.96,100,8.9981
1,0,1,1,8.2,47,15.0013
2,0,1,1,18.86,31,23.9994
3,0,1,1,36.08,44,12.998
2,0,0,2,14.76,93,8.9981
3,0,1,2,26.24,73,11.0014
2,0,0,2,13.12,87,15.0013
4,0,1,1,14.76,66,8.9981
4,0,0,1,14.76,50,6.0032
1,0,0,1,13.12,33,8.9981
2,0,0,2,20.5,88,8.9981
2,0,0,1,15.58,66,8.9981
1,0,1,1,4.92,50,12.998
2,0,0,2,27.06,31,12.998
1,0,1,1,9.84,65,0.0
4,0,1,1,18.04,62,0.0
3,0,0,1,31.16,43,19.0012
1,0,1,2,11.48,87,0.0
1,0,1,1,29.52,34,26.0027
2,0,1,1,29.52,39,22.0028
2,0,0,1,27.06,65,8.9981
1,0,0,1,16.4,40,30.0026
4,0,1,1,10.66,56,22.0028
1,0,0,3,10.66,81,12.998
2,0,0,1,24.6,38,12.998
2,0,0,1,25.42,57,12.998
2,0,1,1,20.5,59,16.9979
3,0,0,1,28.7,79,11.0014
3,0,1,1,29.52,74,7.0015
2,0,1,1,25.42,78,7.0015
4,0,0,1,27.06,44,6.0032
1,0,0,1,12.3,81,7.0015
1,0,0,1,11.48,65,7.0015
4,0,0,1,12.3,65,11.0014
4,0,1,2,10.66,65,7.0015
3,0,1,1,36.9,42,0.0
4,0,0,1,26.24,65,16.9979
1,0,0,1,14.76,37,19.0012
1,0,0,1,18.86,38,26.0027
2,0,0,1,34.44,36,19.0012
3,0,1,2,34.44,44,12.998
4,0,1,1,13.94,76,0.0
3,0,1,1,27.06,89,7.0015
4,0,1,2,20.5,87,11.0014
1,0,0,1,13.12,26,36.9974
2,0,1,1,28.7,28,19.0012
4,0,1,2,13.12,53,23.9994
2,0,0,1,25.42,83,7.0015
4,0,1,2,13.12,45,11.0014
4,0,1,2,15.58,87,0.0
1,0,1,1,9.02,80,0.0
1,0,0,1,6.56,43,22.0028
2,0,0,1,26.24,57,11.0014
2,0,1,1,22.14,60,8.9981
1,0,1,1,8.2,75,8.9981
1,0,1,2,7.38,40,15.0013
3,0,1,1,30.34,45,0.0
3,0,0,2,29.52,79,0.0
2,0,1,1,17.22,82,11.0014
1,0,0,2,7.38,55,6.0032
4,0,1,1,9.84,87,0.0
4,0,1,1,18.86,67,11.0014
2,0,1,2,13.94,71,26.0027
2,0,1,2,24.6,46,27.9993
4,0,1,3,22.14,94,0.0
2,0,1,3,29.52,66,19.0012
2,0,0,1,26.24,36,0.0
4,1,0,2,28.7,48,6.0032
2,0,0,2,22.14,68,12.998
3,0,0,1,33.62,52,19.9995
3,0,1,1,30.34,37,0.0
4,0,1,1,18.04,54,16.9979
3,0,0,1,26.24,69,8.9981
3,0,0,1,27.88,89,6.0032
2,0,1,1,18.04,72,19.9995
3,0,1,1,35.26,39,11.0014
1,0,0,2,14.76,40,11.0014
2,0,0,2,20.5,88,7.0015
3,0,1,1,30.34,70,19.0012
2,0,1,1,29.52,30,32.9975
4,0,0,1,9.84,70,8.9981
2,0,1,1,9.84,70,7.0015
2,0,1,1,18.04,41,12.998
2,0,1,3,27.06,69,12.998
2,0,1,1,15.58,62,7.0015
3,0,1,1,34.44,28,19.9995
3,0,1,1,26.24,78,11.0014
3,0,0,2,27.06,83,12.998
1,0,0,1,18.86,33,11.0014
3,0,1,1,22.14,68,11.0014
2,0,0,3,19.68,100,0.0
3,0,0,1,36.9,45,0.0
1,0,1,2,10.66,56,6.0032
3,0,0,1,29.52,74,16.9979
3,0,1,2,36.08,39,16.9979
2,0,1,2,22.14,88,16.9979
4,0,0,1,15.58,46,15.0013
4,0,1,1,13.94,53,7.0015
2,0,1,1,27.06,31,7.0015
4,0,1,2,20.5,94,15.0013
1,0,1,1,17.22,67,16.9979
4,0,0,2,12.3,87,0.0
1,0,0,2,9.02,100,27.9993
3,0,1,1,29.52,74,12.998
3,0,0,1,26.24,38,26.0027
2,0,1,1,24.6,28,0.0
4,0,0,3,16.4,76,12.998
1,0,0,1,17.22,47,16.9979
1,0,1,2,13.12,81,0.0
1,0,1,1,8.2,51,16.9979
1,0,0,1,18.86,15,43.9989
4,0,1,2,18.86,94,12.998
1,0,0,1,13.94,76,8.9981
1,0,0,2,9.84,100,19.0012
4,0,1,2,13.94,46,0.0
1,0,1,1,13.94,53,11.0014
4,0,1,1,13.12,53,27.9993
3,0,1,1,26.24,57,11.0014
3,0,1,1,28.7,84,0.0
4,0,0,2,14.76,93,8.9981
3,0,1,1,17.22,71,15.0013
1,0,1,1,20.5,68,12.998
2,0,1,1,17.22,38,6.0032
3,0,0,2,25.42,65,11.0014
3,0,1,2,27.06,83,0.0
3,0,1,1,32.8,55,12.998
2,0,1,3,26.24,50,19.0012
4,0,0,2,13.12,61,6.0032
1,0,1,2,13.12,76,23.9994
1,0,1,1,24.6,40,15.0013
4,0,1,1,11.48,52,22.0028
2,0,1,1,18.86,88,8.9981
4,0,1,1,22.96,37,26.0027
2,0,0,1,28.7,58,11.0014
3,0,1,1,22.96,52,12.998
2,0,1,2,25.42,73,8.9981
1,0,1,1,8.2,40,7.0015
1,0,0,3,13.94,100,19.9995
2,0,0,1,19.68,59,0.0
4,0,1,1,10.66,81,0.0
2,0,1,1,25.42,65,27.9993
1,0,0,1,6.56,64,8.9981
1,0,1,2,13.94,53,16.9979
2,0,0,2,24.6,64,11.0014
3,0,1,2,31.98,49,12.998
4,0,1,1,18.04,100,12.998
2,0,0,1,34.44,20,19.9995
2,0,0,1,17.22,67,6.0032
3,0,0,1,29.52,79,16.9979
2,0,1,1,31.16,45,11.0014
2,0,0,1,28.7,45,27.9993
2,0,1,1,22.14,94,7.0015
3,0,1,1,24.6,88,16.9979
1,0,1,1,13.12,31,15.0013
3,0,0,2,25.42,78,11.0014
3,0,0,3,29.52,79,23.9994
2,0,0,1,26.24,78,8.9981
3,0,1,1,31.16,55,0.0
2,0,1,1,24.6,49,16.9979
4,0,1,3,9.84,93,30.0026
2,0,1,1,23.78,83,0.0
1,0,1,1,10.66,53,15.0013
3,0,1,1,17.22,67,15.0013
2,0,1,3,14.76,87,32.9975
3,0,1,1,32.8,63,11.0014
2,0,0,1,26.24,83,8.9981
2,0,1,1,22.96,83,7.0015
3,0,0,1,27.06,36,23.9994
4,0,1,1,9.02,69,6.0032
1,0,1,2,9.84,81,7.0015
3,0,0,3,22.96,88,16.9979
1,0,1,1,9.84,65,8.9981
4,0,0,1,17.22,35,8.9981
3,0,1,2,22.14,88,22.0028
2,0,0,2,27.06,69,23.9994
3,0,1,1,36.9,33,12.998
1,0,1,1,15.58,37,12.998
4,0,1,1,22.96,49,0.0
2,0,1,3,18.86,88,12.998
1,0,1,3,13.94,87,0.0
1,0,1,1,11.48,56,19.9995
2,0,1,1,31.98,52,0.0
1,0,0,2,16.4,94,15.0013
2,0,1,2,21.32,83,11.0014
2,0,1,1,22.14,32,0.0
2,0,0,1,11.48,65,15.0013
2,0,0,1,22.96,30,26.0027
3,0,1,3,24.6,88,8.9981
3,0,1,1,31.16,66,15.0013
4,0,1,1,18.04,62,11.0014
4,0,0,3,13.94,87,19.0012
3,0,0,2,29.52,70,7.0015
1,0,0,1,13.12,49,19.0012
4,0,1,1,14.76,76,6.0032
3,0,1,1,27.06,65,6.0032
2,0,1,1,14.76,71,8.9981
4,0,1,2,12.3,61,15.0013
1,0,1,2,5.74,59,15.0013
1,0,0,2,14.76,93,11.0014
2,0,0,1,22.96,64,11.0014
4,0,1,1,11.48,41,0.0
2,1,0,1,27.88,51,16.9979
4,0,1,1,20.5,63,15.0013
2,0,1,1,26.24,57,15.0013
4,1,0,1,18.04,88,7.0015
4,0,1,3,18.86,94,7.0015
3,0,1,1,29.52,42,12.998
4,0,1,2,13.12,45,19.9995
2,0,1,1,12.3,49,15.0013
2,0,1,1,22.96,88,6.0032
1,0,1,1,8.2,59,8.9981
2,0,1,1,33.62,46,0.0
2,0,0,1,22.14,56,15.0013
1,0,1,2,10.66,100,0.0
4,0,1,1,10.66,60,8.9981
1,0,1,1,10.66,70,7.0015
4,0,1,2,16.4,82,0.0
1,1,0,1,4.92,58,7.0015
2,0,1,2,23.78,83,0.0
1,0,1,2,9.84,70,11.0014
3,0,0,1,18.86,72,11.0014
4,0,1,2,14.76,66,16.9979
1,0,1,1,9.84,44,0.0
3,0,1,1,25.42,73,16.9979
1,0,0,1,13.94,46,15.0013
1,0,0,2,9.84,75,11.0014
3,0,1,2,22.14,94,15.0013
2,0,1,3,22.14,88,19.0012
3,0,1,1,30.34,66,8.9981
4,0,1,1,13.94,57,11.0014
4,1,0,1,30.34,37,0.0
3,0,1,1,36.9,42,12.998
2,0,1,1,18.04,30,11.0014
2,0,1,2,22.96,78,16.9979
4,0,1,2,18.04,51,15.0013
2,0,1,1,27.06,61,6.0032
3,0,1,1,37.72,29,11.0014
3,0,0,2,25.42,88,0.0
1,0,1,2,18.04,54,15.0013
2,0,0,1,20.5,48,0.0
1,0,1,2,24.6,49,43.0006
1,0,0,2,19.68,48,11.0014
4,0,1,2,12.3,56,12.998
1,0,1,2,8.2,40,12.998
4,0,1,2,20.5,59,12.998
4,0,1,1,14.76,81,0.0
1,0,0,1,9.02,37,16.9979
4,0,1,1,9.84,75,6.0032
1,0,1,1,9.02,37,22.0028
2,1,0,1,20.5,55,12.998
4,0,0,1,22.14,83,12.998
2,0,1,1,18.86,72,6.0032
3,0,1,1,34.44,47,6.0032
2,0,1,1,23.78,49,16.9979
3,0,0,2,27.88,83,26.0027
3,0,0,1,26.24,89,6.0032
4,0,1,1,10.66,52,7.0015
1,0,1,1,14.76,46,11.0014
4,1,0,3,16.4,76,16.9979
3,0,1,1,33.62,32,0.0
3,0,1,1,31.98,49,16.9979
3,0,1,1,25.42,38,0.0
2,0,0,1,22.96,60,11.0014
1,0,1,2,6.56,69,22.0028
2,0,1,1,22.96,24,11.0014
2,0,1,1,36.9,37,12.998
4,0,1,2,25.42,46,16.9979
4,0,1,2,16.4,87,6.0032
2,0,1,3,20.5,82,15.0013
2,0,1,1,27.06,31,12.998
2,0,1,2,25.42,73,8.9981
3,0,1,1,27.88,69,8.9981
3,0,1,1,31.16,66,15.0013
2,0,1,1,24.6,38,27.9993
4,0,1,1,14.76,43,19.0012
3,0,1,2,24.6,83,8.9981
3,0,0,1,24.6,73,16.9979
1,0,1,1,16.4,37,23.9994
3,0,1,2,27.88,74,6.0032
1,1,0,3,6.56,80,12.998
3,0,1,1,32.8,52,15.0013
1,0,0,2,17.22,82,19.9995
4,0,1,1,18.04,88,0.0
2,0,0,2,27.06,78,11.0014
1,0,1,1,5.74,46,12.998
3,0,1,2,29.52,62,16.9979
2,0,1,2,22.14,73,12.998
4,0,1,1,25.42,46,16.9979
1,0,1,1,13.12,70,0.0
4,0,1,2,12.3,45,19.0012
3,0,1,1,30.34,70,15.0013
1,0,1,2,18.86,77,22.0028
2,0,1,2,27.88,65,12.998
1,0,1,1,18.04,54,7.0015
2,0,1,1,24.6,83,8.9981
1,0,1,1,17.22,38,12.998
4,0,0,2,16.4,58,12.998
3,0,0,1,21.32,63,0.0
4,0,1,2,17.22,71,22.0028
3,0,1,1,28.7,74,12.998
1,0,0,2,7.38,55,0.0
4,0,1,1,13.12,49,11.0014
4,0,1,1,15.58,40,19.9995
4,0,0,3,14.76,100,6.0032
2,0,0,1,22.96,73,12.998
4,0,1,2,18.04,94,8.9981
1,0,1,1,13.94,53,19.0012
1,0,1,1,9.02,75,0.0
1,0,1,1,15.58,40,15.0013
2,0,1,2,26.24,65,27.9993
2,0,1,1,26.24,36,16.9979
2,0,0,2,14.76,76,6.0032
2,0,0,1,28.7,34,0.0
4,0,1,1,26.24,44,22.0028
2,0,1,1,26.24,31,22.0028
1,0,0,1,10.66,41,16.9979
2,0,0,1,31.16,35,0.0
4,0,1,1,22.96,68,7.0015
3,1,0,1,27.06,89,6.0032
1,0,0,2,4.1,58,39.0007
2,0,0,2,16.4,87,0.0
2,0,1,1,18.04,94,12.998
1,0,1,1,9.02,29,30.0026
1,0,1,1,13.12,81,7.0015
2,0,1,1,21.32,72,7.0015
2,0,1,1,28.7,34,19.0012
3,0,0,1,36.9,42,19.9995
4,0,1,1,13.94,76,12.998
4,0,1,2,21.32,45,22.0028
3,0,0,2,28.7,84,15.0013
2,0,1,2,18.86,55,19.9995
2,0,0,1,17.22,41,16.9979
2,0,0,1,17.22,26,19.9995
1,0,1,2,10.66,87,6.0032
2,0,1,1,13.94,76,0.0
4,0,1,1,21.32,77,19.0012
2,0,1,1,13.94,53,22.0028
3,0,1,1,31.16,58,16.9979
1,0,0,2,13.94,46,12.998
1,0,0,1,13.12,57,19.9995
1,1,0,1,14.76,34,30.0026
4,0,1,1,20.5,63,6.0032
3,0,1,1,33.62,52,16.9979
4,0,1,1,13.94,66,7.0015
1,0,0,1,5.74,86,0.0
4,0,0,1,24.6,46,27.9993
1,0,1,1,18.86,77,35.0008
4,0,1,1,13.12,53,12.998
1,0,1,1,21.32,36,22.0028
2,1,0,1,26.24,65,16.9979
3,0,1,1,31.98,70,12.998
1,0,1,2,25.42,38,27.9993
3,0,1,1,27.06,50,12.998
4,0,1,3,22.14,100,6.0032
2,0,1,1,20.5,39,19.0012
3,0,0,1,25.42,41,11.0014
2,0,0,1,27.88,74,16.9979
1,0,0,1,10.66,70,7.0015
3,0,1,2,27.06,61,11.0014
1,0,0,1,6.56,40,11.0014
1,0,1,1,27.06,36,19.0012
3,0,1,3,29.52,70,12.998
2,0,1,2,25.42,88,15.0013
3,0,0,1,30.34,70,26.0027
2,0,0,1,22.96,88,6.0032
4,0,0,1,12.3,75,16.9979
3,0,0,1,28.7,45,11.0014
2,0,0,1,28.7,42,16.9979
3,0,1,1,33.62,52,11.0014
2,0,1,1,22.96,56,23.9994
1,0,0,1,9.02,29,19.9995
1,0,1,1,8.2,69,7.0015
2,0,1,1,13.94,57,22.0028
2,0,0,1,24.6,49,0.0
2,0,1,1,23.78,49,30.0026
3,0,1,1,31.98,33,15.0013
4,0,1,1,10.66,52,15.0013
1,0,1,2,17.22,67,8.9981
3,0,1,1,37.72,29,12.998
4,0,0,1,26.24,44,6.0032
1,0,1,1,13.94,53,7.0015
1,0,1,1,8.2,59,11.0014
1,0,1,3,16.4,87,0.0
2,0,0,2,24.6,64,7.0015
3,0,1,1,31.16,62,0.0
4,0,0,1,18.04,62,11.0014
4,0,1,2,13.12,53,16.9979
1,0,0,2,17.22,94,7.0015
2,0,1,1,20.5,77,7.0015
3,0,1,1,37.72,35,11.0014
4,0,1,3,25.42,88,7.0015
3,0,1,1,36.9,42,19.9995
3,0,0,1,31.98,70,8.9981
4,0,0,1,14.76,93,8.9981
2,0,1,2,22.96,83,15.0013
1,0,1,2,9.84,65,0.0
3,0,1,2,32.8,52,8.9981
1,0,0,1,13.94,46,0.0
4,0,1,2,29.52,58,22.0028
3,0,1,1,30.34,48,15.0013
1,0,0,1,17.22,58,19.0012
4,0,0,1,22.96,49,27.9993
3,0,1,1,35.26,44,6.0032
2,0,1,1,12.3,49,19.0012
3,0,1,2,32.8,38,0.0
4,0,0,1,25.42,31,32.9975
4,0,0,2,12.3,81,11.0014
2,0,0,2,16.4,82,27.9993
4,0,1,1,10.66,60,0.0
4,0,1,1,17.22,47,8.9981
1,0,0,2,13.12,66,15.0013
2,0,0,1,27.06,78,15.0013
3,0,1,1,31.16,62,19.0012
1,0,0,2,13.94,34,12.998
2,0,1,1,26.24,89,8.9981
3,0,0,2,28.7,84,11.0014
1,1,0,1,5.74,46,0.0
4,0,1,1,18.86,63,8.9981
3,0,1,2,22.14,94,19.9995
3,1,0,2,29.52,70,7.0015
1,0,0,3,14.76,100,19.0012
4,0,1,1,10.66,75,0.0
4,0,1,2,17.22,82,11.0014
2,0,0,2,22.14,56,7.0015
1,0,0,1,10.66,41,19.9995
3,0,1,1,20.5,77,15.0013
1,0,1,2,8.2,40,15.0013
1,0,1,1,5.74,50,12.998
4,0,1,1,21.32,68,12.998
3,0,1,1,35.26,34,11.0014
3,0,1,1,28.7,84,12.998
1,0,1,1,20.5,72,11.0014
4,0,1,1,21.32,59,11.0014
2,0,1,2,26.24,53,7.0015
1,0,1,2,6.56,55,8.9981
4,0,0,2,14.76,71,0.0
2,0,0,2,22.14,52,0.0
3,0,1,1,19.68,82,6.0032
3,0,0,1,29.52,58,15.0013
1,0,1,1,7.38,40,16.9979
2,0,1,1,16.4,76,32.9975
2,0,0,1,28.7,65,12.998
2,0,0,2,29.52,62,0.0
3,0,0,2,23.78,88,6.0032
3,0,1,2,25.42,69,12.998
3,0,1,1,29.52,66,15.0013
4,0,1,1,24.6,53,0.0
3,0,1,1,28.7,58,12.998
3,0,1,2,29.52,79,0.0
3,0,1,2,30.34,55,26.0027
4,0,1,2,15.58,50,15.0013
4,0,1,1,14.76,40,16.9979
2,0,1,2,26.24,69,19.0012
3,0,1,1,22.96,73,0.0
3,0,1,1,27.06,89,16.9979
4,0,0,2,13.94,49,16.9979
2,0,1,1,16.4,76,6.0032
2,0,1,2,25.42,50,23.9994
4,0,0,1,18.86,88,0.0
3,0,0,1,31.16,37,16.9979
2,0,0,1,28.7,79,6.0032
4,0,1,1,10.66,75,8.9981
3,1,0,2,27.88,79,19.0012
4,0,1,1,14.76,76,7.0015
2,0,1,2,18.04,77,15.0013
1,0,0,1,11.48,38,11.0014
4,0,0,1,9.84,93,6.0032
4,0,0,1,9.84,65,12.998
1,0,1,1,6.56,55,19.0012
1,0,1,1,5.74,63,6.0032
2,0,1,1,18.86,88,7.0015
4,0,1,3,20.5,100,12.998
1,0,1,1,18.86,88,6.0032
1,0,1,1,14.76,53,16.9979
1,0,1,2,16.4,76,8.9981
3,0,1,1,26.24,73,11.0014
2,0,0,1,27.88,65,11.0014
1,0,1,1,15.58,54,11.0014
1,0,1,1,25.42,61,15.0013
4,0,1,1,27.06,78,12.998
2,0,1,1,13.12,53,12.998
4,0,1,1,16.4,54,19.0012
3,0,1,2,26.24,65,16.9979
4,0,0,2,10.66,81,8.9981
3,0,1,1,27.88,79,7.0015
1,0,1,2,25.42,41,11.0014
1,0,1,3,16.4,0,16.9979
3,0,1,1,31.16,62,19.9995
2,0,1,1,31.16,48,11.0014
2,0,1,1,25.42,78,7.0015
1,0,0,2,19.68,59,19.0012
3,0,1,1,34.44,44,19.9995
3,0,0,2,25.42,88,7.0015
1,0,1,2,5.74,43,11.0014
1,0,1,2,17.22,58,19.0012
3,0,1,1,31.98,46,19.9995
1,0,1,1,6.56,50,19.9995
3,0,1,1,28.7,51,12.998
4,0,1,1,15.58,40,19.0012
3,0,1,1,20.5,59,11.0014
2,0,1,2,18.04,47,19.0012
3,0,0,1,27.88,83,11.0014
2,0,1,1,22.14,49,0.0
3,0,0,1,27.06,78,11.0014
1,0,1,1,19.68,77,6.0032
2,0,0,3,20.5,63,7.0015
4,0,0,2,14.76,93,7.0015
1,0,0,1,19.68,31,22.0028
3,0,1,2,27.88,89,19.9995
1,0,1,2,9.84,81,8.9981
4,0,0,1,21.32,27,22.0028
3,0,1,1,25.42,83,6.0032
1,0,0,1,8.2,44,16.9979
4,0,1,1,26.24,65,19.9995
4,0,0,1,13.12,53,16.9979
3,0,0,1,28.7,74,8.9981
2,0,1,2,24.6,46,16.9979
1,0,0,2,23.78,46,23.9994
2,0,1,1,20.5,82,15.0013
1,0,0,1,12.3,61,16.9979
1,0,1,1,0.82,34,19.0012
4,0,1,2,14.76,57,7.0015
2,0,0,2,18.86,82,0.0
4,0,0,1,9.02,44,15.0013
3,1,0,1,27.88,69,16.9979
4,0,0,1,12.3,81,0.0
1,0,1,2,12.3,53,12.998
3,0,1,1,27.06,89,8.9981
2,0,1,1,22.14,77,15.0013
2,0,1,1,22.96,88,6.0032
4,0,0,1,12.3,87,8.9981
3,0,0,1,25.42,73,11.0014
2,0,1,1,12.3,61,15.0013
1,0,1,1,22.14,52,19.0012
4,0,1,2,12.3,52,22.0028
4,0,1,1,20.5,55,16.9979
2,0,0,1,22.14,88,15.0013
2,0,0,2,14.76,76,11.0014
4,0,0,1,16.4,87,0.0
3,0,0,1,27.88,36,19.0012
4,0,1,1,21.32,34,11.0014
2,0,1,1,18.86,33,11.0014
3,0,1,1,28.7,34,8.9981
3,0,1,1,29.52,70,11.0014
2,1,0,2,22.96,83,11.0014
1,0,1,1,14.76,40,19.0012
1,0,1,1,15.58,43,15.0013
4,0,1,3,18.86,100,0.0
1,0,1,2,8.2,69,15.0013
4,0,0,1,26.24,41,30.0026
3,0,1,1,31.16,40,6.0032
2,0,0,1,13.94,34,16.9979
1,0,1,1,15.58,32,23.9994
4,0,1,2,12.3,52,7.0015
4,0,0,1,24.6,46,26.0027
1,0,1,2,9.02,93,6.0032
3,0,1,1,36.9,25,8.9981
3,1,0,1,30.34,70,19.9995
3,0,0,1,22.14,49,27.9993
3,1,0,1,33.62,46,8.9981
4,0,0,1,18.86,59,19.0012
4,0,1,1,10.66,70,0.0
1,0,0,1,14.76,81,19.0012
4,1,0,1,13.12,42,36.9974
1,0,0,1,16.4,43,23.9994
3,0,1,1,27.88,79,16.9979
1,0,1,1,13.12,49,12.998
1,0,1,1,16.4,40,15.0013
3,0,1,1,34.44,39,11.0014
2,0,0,2,22.14,52,11.0014
2,0,1,1,18.86,47,11.0014
3,0,1,1,22.14,68,7.0015
3,0,1,2,27.06,89,6.0032
2,0,1,1,13.94,46,35.0008
4,0,0,2,16.4,87,19.0012
3,0,1,3,27.06,89,30.0026
4,0,1,2,18.86,67,0.0
4,0,1,1,28.7,65,0.0
2,0,1,1,24.6,43,6.0032
3,0,1,3,22.14,88,23.9994
3,1,0,2,31.16,55,6.0032
1,0,1,3,9.02,93,7.0015
3,0,1,3,27.06,83,12.998
3,0,1,1,35.26,34,15.0013
2,0,0,1,13.94,53,19.0012
3,1,0,1,30.34,70,11.0014
4,0,1,1,9.84,60,15.0013
2,0,0,2,18.86,28,8.9981
3,0,0,2,25.42,61,11.0014
1,0,0,2,17.22,82,19.9995
2,0,0,1,28.7,34,16.9979
3,0,1,1,28.7,65,19.0012
4,0,1,2,16.4,71,15.0013
2,1,0,1,20.5,55,12.998
3,0,1,1,27.06,74,12.998
4,0,0,1,17.22,71,12.998
1,0,1,1,7.38,43,30.0026
3,0,1,2,31.16,62,15.0013
3,0,0,1,29.52,62,15.0013
3,0,0,1,22.14,64,11.0014
4,0,0,1,7.38,55,16.9979
2,0,1,1,23.78,68,0.0
1,0,1,2,17.22,71,12.998
4,0,1,1,17.22,82,7.0015
2,0,1,2,24.6,78,7.0015
1,0,0,1,13.94,29,27.9993
4,0,1,3,18.86,100,19.9995
4,1,0,2,15.58,66,11.0014
3,0,0,2,28.7,84,16.9979
2,0,1,2,25.42,73,11.0014
4,0,1,1,17.22,88,12.998
4,0,0,1,17.22,77,19.0012
4,0,1,2,13.94,49,30.0026
4,0,1,1,22.96,54,26.0027
1,0,0,2,18.86,67,19.0012
4,0,0,1,14.76,43,12.998
4,0,1,2,21.32,72,26.0027
2,0,1,2,27.06,78,19.0012
1,0,1,1,13.12,81,6.0032
1,0,1,2,12.3,52,0.0
4,0,1,2,6.56,80,7.0015
1,0,1,1,16.4,35,7.0015
4,0,1,1,17.22,67,11.0014
2,0,0,2,28.7,21,12.998
2,0,1,1,16.4,76,32.9975
3,0,0,1,33.62,56,7.0015
2,0,1,1,24.6,43,15.0013
4,0,1,1,18.86,88,6.0032
1,0,1,1,13.12,36,8.9981
2,0,0,1,18.86,88,6.0032
1,0,0,2,6.56,47,19.9995
1,0,1,3,16.4,66,19.0012
1,0,0,1,14.76,43,12.998
2,0,1,3,26.24,73,8.9981
3,0,0,3,27.06,89,6.0032
3,0,1,1,27.06,78,8.9981
1,0,0,1,10.66,44,6.0032
1,0,1,1,23.78,56,7.0015
2,0,0,2,27.88,65,26.0027
4,0,1,2,15.58,54,16.9979
2,0,1,1,22.96,35,35.0008
4,0,0,2,13.94,49,19.9995
3,0,1,1,22.14,77,6.0032
1,0,1,2,14.76,81,8.9981
2,0,1,1,22.14,45,16.9979
3,0,0,1,28.7,58,12.998
3,0,0,3,27.06,61,7.0015
4,0,1,2,15.58,87,11.0014
1,0,1,3,12.3,93,16.9979
2,0,1,1,18.04,24,12.998
4,0,1,1,12.3,81,0.0
4,1,0,1,22.96,88,6.0032
1,0,1,2,14.76,18,0.0
1,0,1,2,11.48,93,12.998
1,0,1,1,5.74,50,16.9979
1,0,1,1,13.12,61,16.9979
3,0,1,3,19.68,67,40.9973
2,0,0,1,23.78,40,15.0013
3,0,1,1,28.7,79,8.9981
1,0,1,1,16.4,66,15.0013
1,0,1,1,4.92,33,22.0028
3,0,0,1,23.78,68,15.0013
2,0,1,2,22.96,49,6.0032
2,0,0,2,17.22,44,12.998
2,0,1,1,24.6,69,8.9981
3,0,1,1,33.62,46,22.0028
1,0,0,3,10.66,81,12.998
4,0,1,1,18.04,41,31.0009
1,0,1,2,10.66,70,15.0013
3,0,1,1,30.34,58,19.0012
3,0,1,2,31.98,59,11.0014
1,0,1,1,9.02,55,11.0014
2,0,1,1,11.48,56,7.0015
1,0,1,1,8.2,86,0.0
1,0,1,1,28.7,24,0.0
2,0,0,2,22.96,46,8.9981
4,0,1,2,26.24,89,12.998
1,0,1,1,16.4,35,16.9979
4,0,1,1,21.32,36,19.9995
1,0,1,1,20.5,55,12.998
1,0,1,1,11.48,30,31.0009
1,0,1,1,9.02,44,22.0028
1,0,1,1,5.74,36,0.0
3,0,0,1,26.24,73,11.0014
3,0,0,2,27.06,89,19.0012
1,0,1,1,8.2,55,6.0032
4,0,1,3,12.3,52,23.9994
2,0,1,1,19.68,31,16.9979
4,0,1,2,15.58,71,7.0015
1,0,1,1,9.02,69,11.0014
4,0,1,2,26.24,83,11.0014
2,0,0,3,21.32,100,12.998
3,0,1,3,31.16,55,32.9975
3,0,1,3,27.88,89,7.0015
3,0,1,1,25.42,94,0.0
3,0,0,1,33.62,52,7.0015
4,0,0,1,13.94,53,11.0014
2,0,1,1,28.7,24,12.998
4,0,1,1,17.22,38,23.9994
1,0,0,2,18.86,72,19.9995
4,0,0,1,11.48,61,8.9981
2,0,0,2,13.94,87,8.9981
2,0,1,1,30.34,42,8.9981
4,0,0,1,17.22,71,7.0015
1,1,0,2,7.38,43,16.9979
3,0,1,1,21.32,68,19.0012
1,0,1,1,12.3,56,23.9994
1,0,0,2,9.84,65,11.0014
3,1,0,1,29.52,76,7.0015
2,0,1,1,20.5,31,7.0015
3,0,1,2,31.16,62,12.998
2,0,0,1,34.44,24,0.0
3,0,1,1,28.7,79,11.0014
1,0,0,3,8.2,100,6.0032
3,1,0,2,27.88,79,19.0012
4,0,1,2,14.76,100,8.9981
2,0,0,1,16.4,50,6.0032
1,0,1,4,8.2,86,6.0032
1,0,0,1,14.76,23,0.0
4,0,1,1,13.94,87,0.0
2,0,0,1,14.76,66,30.0026
4,0,0,2,16.4,94,0.0
1,0,1,2,6.56,74,6.0032
1,0,1,1,21.32,68,7.0015
3,0,0,2,27.88,79,19.0012
3,0,1,1,34.44,49,19.0012
2,0,1,2,20.5,88,12.998
4,0,0,2,14.76,100,6.0032
1,0,1,1,7.38,47,8.9981
2,0,1,1,13.94,71,8.9981
3,0,0,1,27.06,94,6.0032
1,0,0,1,10.66,56,11.0014
1,0,1,1,10.66,48,22.0028
1,0,1,2,12.3,70,6.0032
3,0,1,1,27.06,74,7.0015
3,0,0,1,33.62,41,22.0028
3,0,0,1,35.26,41,15.0013
4,0,0,1,18.86,55,12.998
1,0,1,1,5.74,28,7.0015
2,0,1,1,16.4,50,19.9995
3,0,0,1,29.52,70,11.0014
2,0,1,1,27.88,83,12.998
1,0,1,1,4.1,54,0.0
4,0,0,1,21.32,32,16.9979
2,0,1,1,23.78,88,7.0015
2,0,0,1,18.86,59,8.9981
4,0,1,1,13.12,53,19.0012
3,0,1,1,33.62,26,0.0
3,0,1,1,29.52,66,6.0032
3,0,1,2,27.06,69,15.0013
1,0,1,1,20.5,45,7.0015
2,0,0,1,18.04,88,12.998
2,0,1,1,24.6,33,23.9994
4,0,1,2,14.76,71,0.0
2,0,1,1,21.32,63,0.0
4,0,1,2,13.94,61,22.0028
2,0,1,3,18.04,94,7.0015
1,0,1,2,11.48,45,11.0014
1,0,1,1,13.94,34,6.0032
3,0,1,1,35.26,41,12.998
1,0,0,2,16.4,87,12.998
1,0,1,1,9.84,62,7.0015
1,0,0,1,5.74,46,19.9995
1,0,1,3,9.02,93,19.0012
2,0,1,2,29.52,79,6.0032
3,0,1,2,27.88,61,0.0
3,0,1,1,26.24,57,8.9981
3,0,1,1,25.42,78,6.0032
4,0,0,1,9.02,64,11.0014
3,0,1,1,31.98,40,12.998
1,0,0,1,10.66,60,23.9994
3,0,1,1,30.34,74,0.0
2,0,1,1,18.04,33,22.0028
2,0,1,2,25.42,61,15.0013
2,0,0,1,17.22,77,6.0032
1,0,1,2,8.2,34,19.0012
1,0,1,1,13.94,36,0.0
3,0,0,1,29.52,79,6.0032
4,0,1,2,9.02,64,12.998
4,0,1,1,19.68,33,19.0012
3,0,1,1,32.8,49,7.0015
3,0,1,1,29.52,42,7.0015
1,0,1,1,12.3,28,12.998
3,0,1,1,29.52,45,11.0014
2,0,0,1,16.4,66,8.9981
1,0,1,1,9.02,64,0.0
2,0,1,1,22.14,24,12.998
3,0,1,1,27.06,74,7.0015
1,0,1,1,22.14,19,22.0028
2,0,1,3,24.6,53,12.998
1,0,0,1,23.78,64,19.0012
2,0,0,1,18.86,72,6.0032
1,0,1,2,18.04,44,19.0012
1,0,0,1,9.02,80,0.0
2,0,1,1,23.78,78,12.998
1,0,1,1,9.84,70,6.0032
3,1,0,1,30.34,70,15.0013
4,0,0,2,14.76,46,30.0026
3,0,0,1,25.42,69,7.0015
3,0,1,2,30.34,72,6.0032
4,0,1,2,14.76,53,30.0026
3,0,1,1,32.8,55,15.0013
4,0,1,2,11.48,65,8.9981
3,0,1,3,26.24,89,0.0
1,0,1,1,4.1,54,8.9981
1,0,1,1,10.66,33,7.0015
3,0,1,1,30.34,55,6.0032
4,0,1,1,22.96,73,0.0
2,0,1,1,18.86,88,15.0013
3,0,1,1,27.88,79,16.9979
4,0,1,2,14.76,57,11.0014
1,0,0,1,8.2,34,31.0009
3,0,1,2,30.34,55,16.9979
4,0,0,2,14.76,93,8.9981
3,0,0,2,28.7,54,7.0015
4,0,1,1,26.24,47,22.0028
3,0,1,2,25.42,94,11.0014
3,0,1,1,29.52,70,7.0015
1,0,1,1,12.3,65,6.0032
4,0,0,1,14.76,62,8.9981
4,0,1,1,11.48,75,7.0015
1,0,1,1,6.56,64,0.0
1,0,1,1,19.68,72,12.998
4,0,0,1,27.06,39,27.9993
4,0,1,2,16.4,94,16.9979
4,0,0,2,16.4,82,19.9995
4,0,1,1,17.22,16,26.0027
3,0,0,1,32.8,59,23.9994
2,0,1,3,21.32,63,6.0032
2,0,1,1,13.94,71,12.998
3,0,1,2,27.88,89,19.9995
1,0,0,2,9.84,75,11.0014
2,0,0,2,20.5,77,12.998
3,0,1,1,35.26,56,26.0027
4,0,1,2,22.96,68,0.0
1,0,1,1,15.58,46,7.0015
3,0,0,1,31.98,40,0.0
1,0,1,3,9.84,87,7.0015
1,0,1,1,9.84,60,16.9979
1,0,1,1,22.96,37,15.0013
3,0,1,1,24.6,83,7.0015
1,0,1,1,7.38,64,8.9981
3,0,1,2,28.7,84,11.0014
3,0,0,1,31.16,66,22.0028
3,0,1,1,33.62,28,19.9995
3,0,0,1,27.06,83,12.998
1,0,0,1,6.56,37,7.0015
4,0,1,2,22.96,73,16.9979
1,0,0,1,9.84,60,8.9981
4,0,1,1,12.3,75,0.0
2,0,1,2,17.22,82,12.998
3,0,1,1,25.42,73,8.9981
4,0,0,2,16.4,87,7.0015
1,0,1,1,28.7,34,19.9995
4,0,1,1,13.94,61,15.0013
1,0,1,1,10.66,41,26.0027
3,0,1,1,33.62,34,12.998
3,0,0,1,24.6,78,11.0014
2,0,1,1,22.96,52,12.998
3,0,1,3,25.42,83,19.9995
1,0,1,1,5.74,39,19.9995
2,0,1,2,26.24,69,19.0012
1,0,1,2,10.66,56,7.0015
2,0,0,2,14.76,81,15.0013
4,0,1,1,18.04,62,19.0012
1,0,1,1,10.66,37,31.0009
4,0,1,3,17.22,67,11.0014
1,0,0,2,18.86,63,19.9995
3,0,0,1,34.44,36,8.9981
3,0,1,2,26.24,94,7.0015
1,0,1,1,12.3,70,6.0032
3,0,0,1,31.16,55,19.0012
3,0,1,1,33.62,41,0.0
2,0,1,2,24.6,73,7.0015
4,0,1,1,13.94,93,6.0032
1,0,1,3,16.4,0,15.0013
3,0,1,1,31.98,62,0.0
3,0,0,2,35.26,44,19.0012
3,0,1,1,28.7,74,0.0
1,0,0,3,13.94,81,11.0014
1,0,1,1,18.04,26,35.0008
4,0,1,1,13.94,71,6.0032
3,0,0,1,29.52,74,16.9979
3,0,1,1,32.8,55,12.998
2,0,1,1,22.96,52,7.0015
3,0,0,2,30.34,70,0.0
3,0,1,2,28.7,70,19.0012
4,0,0,1,12.3,56,8.9981
2,0,1,2,29.52,84,11.0014
4,0,0,1,10.66,81,0.0
4,0,1,2,13.12,45,12.998
3,0,1,2,30.34,58,12.998
4,0,0,2,21.32,29,27.9993
3,0,0,2,31.16,62,6.0032
1,0,1,1,8.2,64,6.0032
4,0,0,2,14.76,66,12.998
2,0,1,2,22.96,88,7.0015
2,0,0,1,25.42,78,8.9981
1,0,1,1,14.76,50,15.0013
4,0,1,1,18.04,67,12.998
3,0,1,1,36.9,25,12.998
3,0,0,1,33.62,56,16.9979
3,0,0,2,35.26,44,11.0014
2,0,0,2,29.52,37,15.0013
3,0,0,3,27.88,83,8.9981
1,0,1,1,11.48,38,15.0013
2,0,1,1,22.96,28,27.9993
1,0,1,2,21.32,42,6.0032
4,0,1,1,10.66,60,8.9981
2,0,1,1,18.86,41,30.0026
1,0,1,1,5.74,59,19.0012
4,0,1,2,18.04,88,8.9981
2,0,1,1,23.78,83,8.9981
1,0,0,1,9.84,65,0.0
2,0,1,1,15.58,46,27.9993
4,0,0,2,11.48,56,15.0013
1,0,0,1,18.04,51,19.9995
1,0,0,2,17.22,100,15.0013
4,0,1,1,13.94,87,0.0
4,0,1,1,24.6,56,6.0032
2,0,1,1,22.14,83,12.998
1,0,0,1,10.66,60,8.9981
4,0,1,2,13.12,45,19.0012
1,0,1,1,8.2,40,19.0012
3,0,1,2,27.88,89,11.0014
2,0,1,1,27.06,78,0.0
3,0,0,2,21.32,72,12.998
3,0,1,3,22.14,88,19.9995
4,0,0,1,11.48,61,7.0015
3,0,0,1,23.78,73,7.0015
4,0,0,2,13.94,49,16.9979
4,0,1,1,13.12,45,12.998
3,0,1,1,31.16,66,15.0013
3,0,0,3,25.42,88,11.0014
1,0,0,1,9.84,65,7.0015
4,0,1,2,20.5,72,11.0014
4,0,0,1,17.22,47,19.0012
2,0,1,1,31.98,59,12.998
3,0,1,2,22.14,88,26.0027
4,1,0,2,29.52,42,7.0015
2,0,1,2,27.06,61,16.9979
1,0,0,1,11.48,36,16.9979
2,0,1,1,18.86,24,19.0012
2,0,0,3,17.22,100,0.0
2,0,1,1,21.32,94,8.9981
3,0,1,2,28.7,74,12.998
2,0,1,1,23.78,88,11.0014
2,0,1,1,22.96,88,15.0013
4,0,1,2,24.6,73,11.0014
1,0,0,1,20.5,34,31.0009
3,0,1,2,28.7,70,7.0015
1,0,1,1,11.48,45,8.9981
2,0,1,2,22.14,68,8.9981
4,0,0,1,20.5,48,6.0032
2,0,1,2,22.96,88,0.0
2,0,1,1,31.98,46,19.0012
1,0,1,1,9.02,41,11.0014
4,0,1,1,7.38,74,0.0
4,0,1,1,12.3,93,6.0032
3,0,1,2,20.5,77,12.998
3,0,1,1,31.16,40,6.0032
3,0,1,1,29.52,42,12.998
3,1,0,1,27.06,69,0.0
3,0,0,1,30.34,74,0.0
4,0,1,2,14.76,57,7.0015
3,0,1,2,22.14,42,0.0
4,0,0,1,9.02,69,16.9979
4,0,1,1,16.4,82,7.0015
1,0,0,2,12.3,81,7.0015
2,0,1,2,18.86,88,16.9979
3,0,1,1,31.16,70,16.9979
1,0,1,2,6.56,74,8.9981
4,0,1,2,13.12,49,22.0028
4,0,0,1,10.66,65,11.0014
4,0,1,2,14.76,93,7.0015
3,0,1,1,29.52,84,11.0014
2,0,1,1,22.96,35,16.9979
2,0,1,1,13.94,76,7.0015
1,0,1,2,27.88,39,23.9994
2,0,0,1,14.76,50,32.9975
2,0,0,1,22.96,43,0.0
4,0,1,1,15.58,82,7.0015
1,0,1,1,13.94,34,0.0
2,0,1,2,19.68,82,15.0013
4,0,1,2,18.86,94,6.0032
2,0,0,1,32.8,29,11.0014
3,0,1,1,31.98,43,8.9981
4,0,0,1,13.12,81,7.0015
3,0,0,2,25.42,69,6.0032
2,0,1,1,33.62,56,19.9995
2,0,1,1,24.6,46,8.9981
2,0,1,1,24.6,38,26.0027
3,0,0,1,29.52,51,11.0014
1,0,0,2,16.4,30,19.9995
2,0,1,2,17.22,77,0.0
3,1,0,1,33.62,56,15.0013
2,0,0,2,18.86,82,6.0032
3,0,0,1,24.6,83,8.9981
1,0,0,2,16.4,30,23.9994
1,0,1,1,8.2,29,6.0032
2,0,1,1,28.7,34,16.9979
1,0,1,1,19.68,55,22.0028
2,0,1,2,23.78,81,8.9981
2,0,0,2,18.86,31,0.0
3,0,1,1,30.34,66,16.9979
3,0,0,2,33.62,52,6.0032
1,0,0,1,10.66,93,11.0014
2,0,1,1,25.42,38,0.0
1,0,1,3,14.76,93,8.9981
2,0,1,1,31.16,29,19.0012
2,0,1,1,17.22,67,16.9979
3,0,1,1,28.7,65,8.9981
2,0,1,1,17.22,50,16.9979
1,0,1,1,13.94,53,15.0013
4,0,0,1,13.94,66,15.0013
4,0,1,1,23.78,64,0.0
4,0,1,1,20.5,77,6.0032
3,0,1,1,30.34,70,16.9979
2,0,0,1,21.32,48,0.0
2,0,0,1,22.96,56,0.0
4,0,1,3,22.14,70,32.9975
2,0,1,1,31.16,52,12.998
4,1,0,3,17.22,58,12.998
3,0,1,1,27.06,65,6.0032
3,0,1,1,32.8,55,19.0012
2,0,1,1,25.42,43,8.9981
4,0,1,1,20.5,45,12.998
1,0,1,1,8.2,51,16.9979
1,0,1,1,14.76,34,19.0012
2,0,1,1,26.24,41,0.0
4,0,1,2,22.96,68,19.9995
1,0,0,1,13.94,66,0.0
2,0,1,1,19.68,82,12.998
3,0,1,3,25.42,94,7.0015
4,0,0,1,22.14,52,31.0009
3,0,1,1,29.52,42,15.0013
3,0,1,1,34.44,36,12.998
4,0,1,2,22.14,88,12.998
2,0,1,1,17.22,35,12.998
4,0,1,3,25.42,83,16.9979
3,0,1,1,21.32,77,0.0
2,0,1,1,22.96,60,7.0015
3,0,1,1,25.42,73,19.0012
1,0,1,1,8.2,47,35.0008
3,0,1,1,29.52,48,15.0013
2,0,1,1,25.42,53,6.0032
3,0,1,1,35.26,34,27.9993
4,0,1,1,21.32,55,22.0028
3,0,1,1,28.7,79,12.998
4,0,1,2,22.14,100,12.998
1,0,0,1,10.66,100,12.998
3,0,1,1,27.06,74,7.0015
3,0,1,1,30.34,62,0.0
3,0,0,1,35.26,47,8.9981
3,0,1,1,23.78,56,8.9981
4,0,0,2,13.94,87,0.0
2,0,1,2,25.42,73,15.0013
1,0,1,1,16.4,28,35.0008
4,0,1,2,20.5,77,11.0014
1,0,1,1,22.96,56,8.9981
2,0,0,1,24.6,56,11.0014
3,1,0,1,27.88,65,0.0
2,0,0,1,20.5,63,7.0015
4,1,0,1,18.86,88,0.0
3,0,1,1,30.34,58,12.998
1,0,1,1,10.66,38,11.0014
2,0,1,1,27.88,83,7.0015
2,0,0,2,28.7,65,6.0032
2,0,0,1,28.7,42,16.9979
3,0,1,2,27.88,89,0.0
3,0,1,1,23.78,73,7.0015
2,0,0,1,26.24,47,0.0
4,0,0,1,11.48,45,12.998
1,0,1,1,8.2,32,26.0027
4,0,0,1,15.58,50,6.0032
2,0,1,1,18.86,41,19.9995
4,0,1,3,21.32,94,16.9979
3,0,1,1,29.52,51,12.998
3,1,0,1,30.34,70,15.0013
2,0,1,1,37.72,35,15.0013
4,0,1,2,18.86,88,8.9981
3,0,0,1,28.7,84,8.9981
1,0,0,1,18.86,88,12.998
2,0,1,2,14.76,76,12.998
3,0,0,1,25.42,88,12.998
2,0,0,2,12.3,93,12.998
4,0,1,1,18.86,82,16.9979
4,0,0,1,20.5,77,0.0
2,0,0,1,29.52,30,7.0015
3,0,1,2,28.7,58,11.0014
4,0,0,1,25.42,35,26.0027
1,1,0,2,7.38,55,16.9979
4,0,1,1,14.76,34,11.0014
2,0,0,1,20.5,68,11.0014
1,0,1,1,16.4,76,7.0015
3,0,1,2,31.16,58,19.0012
4,0,0,1,13.94,66,6.0032
4,0,1,2,14.76,66,15.0013
3,1,0,1,37.72,35,19.9995
2,0,1,1,28.7,42,16.9979
4,0,1,2,15.58,94,7.0015
3,0,0,2,20.5,68,19.0012
4,0,0,2,14.76,66,16.9979
1,0,1,1,25.42,35,30.0026
4,0,1,2,21.32,59,19.0012
4,0,1,2,12.3,56,15.0013
2,0,0,2,22.14,56,12.998
2,0,1,1,33.62,59,8.9981
1,0,0,1,16.4,37,19.0012
2,0,1,1,24.6,33,19.9995
4,0,0,1,18.04,44,11.0014
4,0,1,1,16.4,54,15.0013
1,0,0,1,12.3,39,19.0012
3,0,1,1,32.8,38,12.998
2,0,1,1,13.94,46,22.0028
4,0,0,1,17.22,54,19.0012
2,0,1,3,27.06,94,15.0013
3,0,1,2,28.7,61,7.0015
1,0,0,1,6.56,59,0.0
4,0,1,1,29.52,42,11.0014
3,0,1,1,26.24,57,19.9995
2,0,0,1,16.4,30,12.998
4,0,0,2,15.58,66,16.9979
2,0,0,2,29.52,30,8.9981
1,0,1,1,20.5,59,0.0
2,0,1,1,17.22,67,12.998
4,0,1,1,18.86,82,0.0
3,0,1,1,31.16,55,15.0013
3,0,1,2,30.34,55,7.0015
4,0,1,1,16.4,87,7.0015
4,0,1,3,11.48,61,15.0013
4,0,1,1,18.86,82,7.0015
1,0,1,1,11.48,41,0.0
2,0,1,1,13.94,76,6.0032
3,1,0,1,29.52,74,12.998
1,0,1,1,10.66,30,16.9979
1,0,1,2,16.4,71,7.0015
1,0,0,2,6.56,47,26.0027
4,0,1,1,11.48,65,15.0013
2,0,0,1,27.06,65,7.0015
2,0,0,2,21.32,100,8.9981
2,0,0,2,13.94,87,7.0015
2,0,1,1,29.52,51,15.0013
1,0,1,2,8.2,37,11.0014
1,0,1,1,7.38,43,16.9979
1,0,0,3,9.02,93,8.9981
2,0,0,1,20.5,48,7.0015
2,0,0,1,13.94,76,11.0014
2,0,1,2,20.5,68,8.9981
3,0,1,1,29.52,66,11.0014
2,0,1,3,25.42,94,16.9979
4,0,1,1,22.14,39,19.0012
2,0,1,1,18.86,55,7.0015
1,0,1,1,12.3,61,0.0
4,0,1,2,22.14,68,11.0014
3,0,1,1,28.7,45,12.998
1,0,1,1,18.04,94,0.0
4,0,1,1,19.68,77,8.9981
2,0,1,1,13.12,66,19.0012
4,1,0,1,21.32,72,11.0014
3,0,1,1,32.8,46,12.998
3,0,1,1,21.32,72,7.0015
4,0,0,1,24.6,33,11.0014
4,0,1,1,9.84,65,11.0014
4,0,1,2,24.6,53,16.9979
3,0,0,1,28.7,65,0.0
3,0,0,1,31.16,70,8.9981
4,0,1,2,16.4,82,0.0
4,0,1,1,18.86,36,0.0
4,0,0,1,20.5,36,19.9995
3,0,1,2,29.52,74,16.9979
2,0,0,2,18.86,33,0.0
1,0,1,1,15.58,40,8.9981
3,0,0,1,31.16,45,15.0013
4,0,1,1,22.96,64,19.9995
3,0,1,2,24.6,83,11.0014
4,0,1,1,13.12,53,11.0014
4,0,1,1,21.32,48,32.9975
3,0,1,1,24.6,78,11.0014
3,0,1,1,36.9,42,23.9994
3,0,1,1,31.98,62,31.0009
1,0,0,2,5.74,39,26.0027
3,0,1,1,28.7,84,6.0032
4,0,0,1,27.06,50,8.9981
1,0,1,3,5.74,80,8.9981
4,0,1,2,23.78,56,15.0013
2,0,1,2,20.5,88,12.998
1,0,0,2,13.12,36,19.0012
2,0,1,1,26.24,57,11.0014
2,0,1,3,17.22,82,16.9979
2,0,0,1,27.88,44,23.9994
1,1,0,1,10.66,44,23.9994
2,0,1,1,26.24,25,19.9995
3,1,0,1,31.16,52,0.0
1,0,1,1,5.74,59,19.0012
4,0,1,1,13.12,49,19.0012
1,0,1,1,4.92,74,7.0015
4,0,0,2,9.84,81,0.0
3,0,1,1,27.06,83,6.0032
4,0,0,1,13.94,49,12.998
2,0,1,2,20.5,77,19.0012
2,0,1,1,27.06,39,19.0012
1,0,0,2,22.96,43,15.0013
1,0,1,1,18.04,44,19.0012
2,0,0,2,21.32,83,11.0014
1,0,0,1,21.32,34,27.9993
3,0,1,1,32.8,33,15.0013
4,0,1,2,14.76,81,0.0
2,0,1,1,24.6,64,12.998
2,0,1,1,20.5,68,16.9979
3,0,1,1,36.9,25,19.0012
3,1,0,1,26.24,89,11.0014
4,0,1,2,19.68,67,22.0028
4,0,0,1,19.68,72,0.0
4,0,1,1,18.86,82,12.998
2,0,0,2,22.14,94,12.998
2,0,0,2,30.34,51,0.0
2,0,0,2,18.86,31,12.998
4,0,1,2,18.86,88,0.0
4,0,1,2,20.5,63,15.0013
2,0,1,1,20.5,31,0.0
1,0,1,1,14.76,71,12.998
1,0,1,1,15.58,40,15.0013
2,0,0,2,21.32,72,11.0014
4,0,1,2,12.3,65,6.0032
4,0,1,2,13.94,81,6.0032
4,0,1,3,19.68,55,26.0027
4,0,1,1,24.6,53,19.9995
3,0,1,1,32.8,49,0.0
1,0,1,1,18.04,35,12.998
2,0,1,1,22.96,24,8.9981
3,0,0,1,30.34,70,19.9995
4,0,1,1,18.86,67,12.998
1,0,0,1,17.22,44,31.0009
3,0,0,2,28.7,84,15.0013
3,0,0,1,28.7,74,15.0013
3,0,0,1,29.52,74,16.9979
4,0,0,1,22.14,68,8.9981
2,0,1,1,22.96,94,19.9995
3,0,1,1,27.88,65,7.0015
4,0,0,1,22.14,45,16.9979
1,0,0,1,5.74,39,43.0006
1,0,1,1,9.84,35,22.0028
1,0,1,2,23.78,32,19.9995
4,0,1,1,17.22,41,6.0032
1,0,1,2,22.96,49,15.0013
3,0,1,2,31.16,55,16.9979
1,0,1,2,9.02,60,8.9981
4,0,1,1,19.68,48,11.0014
2,0,1,1,28.7,37,27.9993
3,0,1,1,21.32,59,15.0013
4,0,0,1,6.56,59,15.0013
4,0,0,1,9.84,70,12.998
4,0,0,1,18.04,35,0.0
3,0,0,1,24.6,73,6.0032
3,0,0,1,27.06,83,8.9981
2,0,1,1,25.42,43,19.0012
2,0,1,2,17.22,77,0.0
1,0,0,2,18.04,88,6.0032
3,0,0,1,32.8,66,8.9981
3,0,0,1,29.52,84,8.9981
2,0,1,2,16.4,82,7.0015
3,0,1,1,30.34,66,7.0015
1,0,0,2,9.84,87,8.9981
1,0,1,1,18.86,67,16.9979
3,0,0,3,26.24,94,12.998
2,0,1,1,24.6,40,12.998
1,0,1,1,6.56,43,26.0027
3,0,0,2,29.52,74,16.9979
1,0,0,2,14.76,40,26.0027
2,0,1,1,22.96,43,6.0032
4,0,1,2,18.86,94,7.0015
2,0,1,1,22.96,83,11.0014
3,0,1,1,31.16,58,6.0032
1,0,1,1,12.3,65,8.9981
4,0,1,1,9.02,44,12.998
3,0,1,2,27.06,89,6.0032
1,1,0,1,10.66,48,22.0028
4,0,1,2,10.66,65,11.0014
4,0,1,2,18.04,88,6.0032
1,0,1,1,19.68,67,6.0032
1,0,1,1,4.1,36,15.0013
1,0,1,1,9.84,27,19.0012
2,0,1,2,22.14,77,12.998
4,0,1,1,17.22,35,19.0012
2,0,1,1,24.6,78,22.0028
3,0,0,1,32.8,55,7.0015
4,0,1,2,15.58,94,0.0
4,0,1,1,20.5,48,16.9979
3,0,0,1,26.24,53,0.0
2,0,1,2,21.32,88,26.0027
3,0,1,1,30.34,58,11.0014
1,0,1,2,7.38,64,12.998
2,0,0,1,22.96,60,6.0032
2,0,0,1,30.34,58,12.998
3,0,1,1,29.52,79,0.0
2,0,1,2,18.86,72,12.998
4,0,0,1,16.4,62,8.9981
1,0,1,3,18.86,82,7.0015
4,0,0,2,10.66,81,7.0015
3,0,1,1,31.16,62,6.0032
3,1,0,2,27.88,74,19.9995
4,0,0,1,21.32,77,7.0015
1,0,0,1,6.56,69,6.0032
3,0,1,1,27.88,51,0.0
4,0,0,1,9.84,56,11.0014
1,0,1,2,14.76,50,16.9979
4,0,1,2,13.12,61,11.0014
3,0,1,1,27.88,47,6.0032
4,1,0,1,11.48,45,16.9979
4,0,0,2,16.4,62,22.0028
1,0,0,2,13.12,45,12.998
1,0,0,2,9.84,87,8.9981
3,0,1,3,31.16,55,16.9979
4,0,1,2,13.94,66,11.0014
2,0,1,1,22.14,49,12.998
1,0,1,1,13.12,53,0.0
4,0,1,1,10.66,56,16.9979
4,0,1,2,15.58,66,0.0
1,0,1,2,22.96,73,11.0014
3,0,1,1,24.6,88,8.9981
1,0,1,1,22.96,37,27.9993
3,0,1,1,26.24,83,7.0015
4,0,1,1,12.3,65,6.0032
2,0,0,1,30.34,35,16.9979
3,0,1,2,31.16,62,8.9981
2,0,1,3,26.24,89,16.9979
2,0,1,2,18.04,72,19.0012
1,0,0,3,9.02,100,11.0014
3,0,1,1,32.8,52,0.0
2,0,1,3,27.06,83,23.9994
4,0,1,1,24.6,46,0.0
1,0,1,1,7.38,51,7.0015
3,0,1,1,26.24,69,11.0014
3,0,1,1,26.24,89,0.0
4,0,1,1,18.04,77,0.0
2,0,0,2,25.42,33,16.9979
3,0,1,1,32.8,24,16.9979
4,0,0,1,14.76,62,0.0
1,0,1,2,25.42,41,43.0006
4,0,1,2,12.3,100,6.0032
3,0,0,2,23.78,56,8.9981
2,0,1,3,15.58,94,22.0028
4,0,1,2,13.94,87,19.0012
3,0,1,2,32.8,63,23.9994
3,0,1,1,24.6,73,11.0014
3,0,1,1,25.42,83,12.998
2,0,1,1,21.32,45,11.0014
3,0,1,1,26.24,44,11.0014
3,0,0,1,30.34,66,11.0014
4,0,0,1,14.76,66,15.0013
2,0,0,2,20.5,68,7.0015
3,0,1,2,25.42,94,8.9981
3,0,1,1,27.88,61,0.0
2,0,1,2,20.5,39,19.0012
4,0,1,1,17.22,82,7.0015
4,0,1,3,18.86,100,11.0014
1,0,1,1,13.12,45,19.9995
3,0,1,1,30.34,66,12.998
4,0,1,2,11.48,52,22.0028
1,0,1,1,10.66,35,0.0
1,0,0,2,12.3,70,6.0032
3,0,1,1,29.52,54,7.0015
4,0,1,1,22.96,40,6.0032
2,1,0,1,22.14,77,15.0013
3,0,1,1,26.24,73,11.0014
1,0,1,1,20.5,59,19.0012
4,0,0,1,16.4,71,16.9979
2,0,1,1,23.78,49,19.9995
1,0,0,2,16.4,76,15.0013
2,0,1,1,27.06,39,31.0009
2,0,1,1,36.9,37,16.9979
3,0,1,1,36.08,35,16.9979
1,0,0,2,13.12,39,15.0013
1,0,1,1,14.76,57,12.998
1,0,1,1,4.92,54,6.0032
1,0,0,1,6.56,43,6.0032
2,0,0,2,21.32,100,8.9981
1,0,1,1,15.58,32,22.0028
2,0,1,1,20.5,31,7.0015
2,0,0,3,27.88,74,7.0015
1,0,1,1,6.56,74,6.0032
4,0,0,1,18.86,82,0.0
3,0,1,3,24.6,94,0.0
3,0,0,1,30.34,58,19.0012
2,0,1,1,31.98,33,19.0012
4,0,0,1,22.14,45,7.0015
3,0,1,1,29.52,71,19.9995
2,0,1,1,22.96,56,11.0014
1,0,1,1,12.3,70,0.0
4,0,1,1,13.94,53,19.9995
2,0,1,2,29.52,62,7.0015
1,0,1,1,13.94,46,11.0014
2,0,1,1,19.68,51,27.9993
4,0,0,1,10.66,60,16.9979
2,0,0,1,24.6,88,6.0032
2,0,1,2,30.34,74,15.0013
4,0,0,1,8.2,75,0.0
2,0,0,2,25.42,61,7.0015
1,0,1,2,7.38,64,12.998
1,0,1,1,11.48,70,16.9979
2,0,1,1,24.6,73,15.0013
1,0,1,2,12.3,81,6.0032
1,0,1,1,13.94,29,31.0009
3,0,0,1,22.14,68,7.0015
3,0,1,2,35.26,44,16.9979
4,0,1,1,9.84,67,12.998
1,1,0,1,4.1,58,11.0014
1,0,0,1,6.56,47,0.0
2,0,1,1,25.42,41,11.0014
1,0,0,1,14.76,50,7.0015
2,0,1,2,24.6,78,11.0014
1,0,1,1,13.94,46,15.0013
1,0,0,1,4.92,54,12.998
3,0,1,2,26.24,83,8.9981
2,0,1,1,18.86,82,6.0032
3,0,0,1,21.32,68,15.0013
3,0,0,2,31.98,62,19.0012
2,0,1,1,18.04,54,12.998
3,0,1,2,21.32,72,8.9981
1,0,1,2,17.22,54,19.9995
2,0,1,1,21.32,100,8.9981
3,0,1,1,28.7,42,0.0
3,0,1,2,28.7,84,0.0
2,0,1,3,21.32,94,19.9995
4,0,1,1,21.32,45,0.0
4,0,1,1,9.02,55,19.0012
1,0,0,2,11.48,61,11.0014
1,0,0,1,13.94,25,0.0
2,0,1,2,24.6,46,11.0014
2,0,0,1,21.32,19,27.9993
3,0,1,1,25.42,35,0.0
2,0,0,1,22.96,83,0.0
1,0,1,1,12.3,49,15.0013
1,0,1,1,10.66,93,11.0014
4,0,0,1,17.22,94,8.9981
2,0,1,2,22.96,88,8.9981
1,0,1,1,6.56,64,15.0013
2,0,0,2,27.06,50,27.9993
3,0,0,1,33.62,38,0.0
4,0,0,1,19.68,41,26.0027
3,0,1,1,24.6,43,16.9979
4,0,1,2,13.12,53,19.9995
1,0,0,1,13.12,45,26.0027
3,0,0,1,24.6,56,7.0015
3,0,0,1,29.52,74,8.9981
2,0,1,1,24.6,53,19.9995
1,1,0,1,9.02,44,16.9979
1,0,0,1,9.84,81,6.0032
3,0,1,1,26.24,61,12.998
4,0,1,1,15.58,46,12.998
2,0,1,2,26.24,47,12.998
4,0,0,1,12.3,70,0.0
3,0,0,1,36.08,39,15.0013
2,0,1,3,31.16,40,12.998
4,0,1,1,8.2,80,0.0
3,0,1,1,27.06,69,6.0032
3,0,1,1,31.98,62,7.0015
2,0,1,2,22.14,49,22.0028
1,0,1,2,6.56,55,12.998
2,0,1,3,18.04,77,15.0013
2,0,1,1,26.24,78,0.0
3,0,1,1,20.5,72,7.0015
3,0,1,1,26.24,78,22.0028
2,0,1,1,19.68,63,0.0
3,0,1,1,31.16,66,19.0012
4,0,1,1,12.3,61,15.0013
2,0,1,1,13.94,49,22.0028
3,0,1,2,28.7,74,12.998
2,0,1,2,15.58,94,15.0013
4,0,1,2,12.3,61,0.0
2,0,1,1,25.42,69,15.0013
4,0,1,2,17.22,94,8.9981
2,0,1,2,22.14,88,6.0032
4,0,1,2,24.6,73,26.0027
1,0,1,1,14.76,50,8.9981
1,0,1,1,5.74,69,8.9981
4,0,0,1,21.32,39,0.0
3,0,0,2,27.06,89,0.0
3,0,1,3,22.14,94,16.9979
2,0,1,1,19.68,77,16.9979
2,0,1,1,22.14,28,47.9988
4,0,0,1,23.78,56,0.0
2,0,1,3,22.14,52,23.9994
2,0,1,2,22.96,78,16.9979
4,0,1,1,14.76,50,11.0014
1,0,1,1,13.94,53,6.0032
4,0,1,1,13.12,53,16.9979
1,0,0,1,13.12,49,11.0014
4,0,1,1,19.68,77,0.0
1,0,1,2,8.2,40,15.0013
3,0,1,1,30.34,62,15.0013
3,0,1,1,20.5,72,6.0032
1,0,1,1,13.94,46,19.9995
4,1,0,1,22.96,64,11.0014
1,0,1,1,27.06,34,23.9994
4,1,0,2,26.24,53,0.0
1,0,1,1,18.86,33,19.0012
2,0,1,1,22.14,56,22.0028
1,0,1,1,6.56,64,0.0
3,0,1,1,31.16,58,23.9994
1,0,0,3,10.66,87,8.9981
3,0,1,1,31.98,43,8.9981
3,0,1,1,27.06,83,16.9979
2,0,1,1,21.32,36,22.0028
1,0,0,2,9.84,75,6.0032
4,0,1,2,13.12,45,15.0013
3,1,0,2,27.06,94,0.0
4,0,1,2,22.14,88,22.0028
1,0,1,1,13.12,39,6.0032
2,0,1,1,27.06,44,11.0014
3,0,1,1,30.34,48,15.0013
3,0,1,1,22.14,77,6.0032
3,0,1,3,22.14,88,19.0012
3,0,1,1,30.34,51,15.0013
2,0,1,1,20.5,27,32.9975
1,0,1,1,18.86,88,8.9981
1,0,1,2,9.02,64,0.0
2,0,1,2,17.22,82,19.0012
2,0,1,1,17.22,62,7.0015
4,0,1,1,16.4,47,19.9995
3,0,1,1,22.14,60,16.9979
3,0,1,1,26.24,94,6.0032
4,0,1,2,13.94,93,0.0
2,0,1,2,21.32,55,0.0
4,0,1,1,6.56,86,6.0032
3,0,0,2,28.7,61,11.0014
2,0,1,1,29.52,74,16.9979
1,0,0,1,18.86,82,8.9981
2,0,1,2,17.22,38,15.0013
2,0,1,1,27.06,74,8.9981
4,0,0,1,15.58,87,8.9981
4,0,1,1,17.22,94,0.0
1,0,1,3,14.76,81,15.0013
3,0,1,1,26.24,61,6.0032
1,0,1,1,5.74,59,11.0014
3,0,1,1,36.9,35,19.9995
2,0,1,3,22.14,88,16.9979
4,0,1,1,22.14,39,31.0009
1,0,1,1,4.1,54,15.0013
3,0,1,1,31.16,58,35.0008
1,0,0,1,9.84,70,0.0
4,0,0,1,10.66,81,0.0
1,0,1,1,9.02,44,6.0032
2,0,1,1,27.06,27,11.0014
1,0,1,1,15.58,43,11.0014
1,0,1,1,25.42,46,7.0015
2,0,1,1,18.04,72,16.9979
4,0,1,2,13.94,61,8.9981
4,0,1,1,13.94,49,19.0012
1,0,0,1,9.02,41,12.998
3,0,0,1,30.34,70,8.9981
3,0,0,1,31.16,55,19.0012
4,0,1,1,13.12,45,8.9981
2,0,1,1,18.86,33,30.0026
4,0,1,2,12.3,56,19.9995
2,0,0,1,20.5,51,7.0015
3,0,1,1,29.52,74,7.0015
3,0,0,1,34.44,39,8.9981
4,0,0,1,10.66,81,0.0
1,0,1,2,10.66,48,19.9995
1,0,1,1,18.04,77,26.0027
3,0,1,1,31.98,46,7.0015
1,0,1,1,20.5,23,19.0012
2,0,1,1,22.14,42,8.9981
4,0,1,3,18.04,100,8.9981
4,0,1,3,17.22,94,12.998
4,0,0,1,16.4,37,12.998
2,0,1,3,18.04,82,7.0015
1,0,0,1,9.84,38,15.0013
2,0,0,1,24.6,78,15.0013
2,0,1,1,29.52,79,8.9981
3,0,0,1,36.9,42,31.0009
1,0,1,1,7.38,43,16.9979
1,0,1,3,5.74,86,16.9979
1,0,1,1,4.1,54,11.0014
1,0,1,3,12.3,81,19.0012
1,0,1,1,17.22,58,19.0012
4,0,0,1,23.78,49,31.0009
3,0,1,2,27.88,65,12.998
4,0,1,1,23.78,56,22.0028
3,0,1,1,27.06,83,11.0014
1,0,1,1,22.14,42,23.9994
4,0,1,2,9.02,69,7.0015
4,0,0,3,16.4,94,7.0015
2,0,0,1,16.4,30,16.9979
2,0,1,2,20.5,63,8.9981
4,0,1,2,22.96,64,22.0028
2,0,1,1,25.42,53,0.0
2,0,1,2,33.62,41,22.0028
1,0,1,2,9.84,70,8.9981
1,0,1,2,14.76,87,0.0
2,0,1,1,18.04,24,12.998
1,0,1,2,25.42,50,8.9981
3,0,1,1,30.34,51,19.0012
4,0,1,1,21.32,63,7.0015
1,0,0,1,20.5,39,16.9979
4,0,0,1,13.12,76,0.0
2,0,1,2,29.52,58,12.998
2,0,1,3,23.78,88,8.9981
1,0,1,1,27.06,50,15.0013
1,0,1,1,3.28,73,0.0
4,0,1,1,22.96,46,6.0032
1,0,1,1,4.1,49,7.0015
3,0,0,1,27.06,78,12.998
2,0,1,1,22.14,30,39.0007
3,0,0,1,27.06,74,12.998
4,0,1,2,16.4,76,0.0
3,0,0,1,27.06,89,0.0
2,0,0,1,30.34,30,7.0015
1,0,1,1,18.04,38,16.9979
1,0,1,2,11.48,65,6.0032
1,0,1,3,12.3,70,6.0032
2,0,0,3,27.06,74,12.998
2,0,1,1,26.24,38,0.0
1,0,1,1,12.3,42,51.9987
1,0,1,2,13.12,87,8.9981
2,0,1,1,17.22,77,16.9979
3,0,0,2,24.6,97,7.0015
1,0,1,1,14.76,62,27.9993
4,0,1,2,21.32,88,0.0
1,0,0,1,13.12,57,6.0032
2,0,1,1,25.42,83,7.0015
4,0,1,1,26.24,41,15.0013
1,0,0,2,9.84,87,8.9981
3,0,1,3,26.24,89,0.0
3,0,1,1,28.7,79,12.998
1,1,0,1,11.48,45,22.0028
3,0,0,1,30.34,70,12.998
1,0,0,3,10.66,65,11.0014
1,0,1,2,8.2,59,12.998
2,0,1,1,14.76,46,22.0028
4,0,1,3,17.22,88,15.0013
2,0,1,1,24.6,69,19.9995
2,0,0,1,23.78,46,19.0012
3,0,1,1,29.52,61,19.0012
4,0,1,2,22.14,68,7.0015
4,0,0,1,10.66,87,7.0015
4,0,1,3,18.86,100,11.0014
4,0,1,2,13.12,53,23.9994
2,0,1,1,20.5,59,6.0032
4,0,0,1,27.88,47,11.0014
2,0,1,2,10.66,87,16.9979
2,0,1,1,14.76,71,8.9981
4,0,1,3,23.78,83,7.0015
2,0,0,1,20.5,22,12.998
2,0,1,1,26.24,65,27.9993
1,0,1,2,12.3,70,8.9981
4,0,1,1,18.86,72,0.0
4,0,1,1,13.12,70,7.0015
2,0,1,1,19.68,27,22.0028
4,0,1,1,16.4,71,0.0
4,0,1,1,18.86,59,0.0
2,0,1,1,20.5,36,30.0026
1,0,1,1,15.58,66,16.9979
3,0,1,1,33.62,38,19.9995
3,0,1,2,27.88,83,6.0032
4,0,1,1,18.86,63,7.0015
1,0,1,1,13.94,31,32.9975
4,0,0,2,14.76,46,19.9995
4,0,1,2,22.14,68,0.0
2,0,0,1,33.62,23,12.998
3,0,1,1,31.16,62,0.0
3,0,1,1,31.98,35,8.9981
1,0,1,2,12.3,75,16.9979
4,0,1,1,25.42,83,19.0012
1,0,1,1,11.48,24,16.9979
3,0,0,2,28.7,74,19.9995
1,0,1,3,6.56,93,7.0015
4,0,1,1,14.76,50,16.9979
2,0,1,2,20.5,59,12.998
3,0,1,1,29.52,34,8.9981
4,0,1,1,15.58,40,22.0028
4,0,1,1,13.12,53,19.9995
4,0,1,1,16.4,71,6.0032
1,0,0,1,14.76,50,11.0014
2,0,1,1,26.24,78,8.9981
1,0,0,2,8.2,69,11.0014
4,0,1,2,22.14,64,11.0014
2,0,1,1,18.04,88,0.0
1,0,1,1,9.02,75,0.0
1,0,1,1,13.94,53,7.0015
2,0,1,3,21.32,77,7.0015
4,0,1,1,18.04,67,15.0013
4,0,0,1,18.86,40,27.9993
4,0,1,2,13.12,66,7.0015
2,0,0,1,25.42,57,16.9979
2,0,1,1,22.14,32,15.0013
2,0,1,1,21.32,32,30.0026
1,0,0,1,12.3,52,16.9979
4,0,1,2,22.96,73,19.0012
2,0,1,1,17.22,67,8.9981
3,0,1,2,31.16,58,15.0013
1,0,1,2,9.02,87,0.0
1,1,0,2,7.38,47,8.9981
4,0,1,1,11.48,56,19.9995
4,0,1,2,12.3,70,11.0014
2,0,1,1,16.4,71,8.9981
4,0,1,2,14.76,66,16.9979
4,0,0,1,13.94,61,19.0012
4,0,1,1,12.3,52,11.0014
2,0,0,1,25.42,25,22.0028
3,0,1,1,31.98,52,15.0013
4,0,1,1,18.86,77,7.0015
2,0,1,3,21.32,77,39.0007
3,0,1,2,27.88,61,0.0
2,0,1,1,22.14,88,12.998
4,0,1,1,15.58,40,22.0028
1,0,0,3,12.3,100,32.9975
4,0,1,3,18.04,100,12.998
2,0,1,2,24.6,64,26.0027
2,0,1,2,21.32,63,19.9995
3,0,1,1,29.52,51,11.0014
3,0,1,2,31.98,66,19.0012
1,0,0,1,13.12,76,0.0
4,0,1,2,13.12,53,26.0027
2,0,1,2,27.88,61,32.9975
4,0,0,1,13.94,66,8.9981
1,0,1,2,6.56,86,6.0032
2,0,1,1,13.12,45,19.0012
1,0,1,2,12.3,70,36.9974
3,0,1,1,32.8,52,26.0027
2,0,1,3,25.42,88,23.9994
2,0,1,1,29.52,51,30.0026
1,0,1,1,10.66,30,35.0008
3,1,0,1,32.8,46,0.0
2,0,0,1,25.42,57,0.0
1,0,0,2,9.02,47,43.9989
4,0,1,2,21.32,59,19.9995
2,0,1,1,24.6,78,7.0015
2,0,0,1,14.76,71,7.0015
1,0,1,1,12.3,56,15.0013
3,0,1,3,25.42,94,7.0015
4,0,1,1,24.6,49,26.0027
4,0,0,2,15.58,62,11.0014
1,0,0,3,9.02,100,0.0
2,0,1,1,17.22,50,12.998
3,0,0,2,26.24,89,12.998
3,1,0,2,27.06,94,19.9995
2,0,1,1,17.22,47,30.0026
3,0,1,1,25.42,61,8.9981
4,0,1,2,18.86,88,0.0
1,0,1,1,4.1,54,6.0032
2,0,1,2,22.96,88,8.9981
3,0,1,1,38.54,29,16.9979
4,0,1,1,13.12,87,0.0
2,0,0,1,10.66,70,7.0015
2,0,0,2,24.6,40,11.0014
4,0,0,3,15.58,94,6.0032
3,0,1,1,28.7,74,7.0015
3,0,1,1,32.8,24,0.0
3,0,1,1,35.26,39,19.0012
2,0,1,1,26.24,53,8.9981
4,0,1,2,27.06,74,0.0
3,0,1,1,26.24,83,0.0
4,0,1,1,10.66,56,19.0012
1,0,1,2,7.38,93,11.0014
3,0,1,1,34.44,34,22.0028
1,0,1,1,13.94,71,12.998
1,0,1,2,10.66,65,7.0015
3,0,0,1,25.42,50,8.9981
4,0,1,2,12.3,49,11.0014
4,0,1,1,20.5,72,12.998
4,0,1,1,13.12,39,27.9993
2,0,1,3,20.5,82,19.0012
1,0,0,2,10.66,52,16.9979
4,0,1,1,13.12,45,19.0012
2,0,0,2,22.14,94,11.0014
1,0,1,1,9.02,55,6.0032
4,0,0,1,15.58,46,0.0
1,0,1,1,8.2,27,31.0009
1,0,1,2,22.14,42,19.0012
2,0,1,3,22.96,88,8.9981
2,0,0,2,15.58,82,0.0
1,0,1,2,12.3,70,0.0
1,0,1,2,5.74,63,7.0015
4,0,1,1,13.94,71,7.0015
1,0,1,2,13.94,42,35.0008
3,0,0,1,28.7,65,19.0012
4,0,1,1,12.3,33,19.0012
4,0,1,2,25.42,83,12.998
3,0,0,1,27.06,89,6.0032
3,0,1,1,33.62,46,12.998
1,0,1,3,21.32,72,19.9995
3,0,0,1,27.06,36,16.9979
3,1,0,2,28.7,74,11.0014
4,0,0,2,11.48,89,11.0014
4,0,1,2,22.14,68,22.0028
4,0,1,1,14.76,53,19.0012
4,0,0,1,22.14,83,7.0015
4,0,1,1,13.12,65,12.998
3,0,1,2,31.16,40,0.0
4,0,1,1,22.14,49,0.0
4,0,1,1,13.12,70,11.0014
3,0,0,1,34.44,36,15.0013
1,0,0,1,20.5,31,19.0012
2,0,1,2,19.68,77,15.0013
3,0,1,1,24.6,83,8.9981
2,0,1,2,25.42,65,22.0028
3,0,1,1,31.16,75,12.998
4,0,1,2,14.76,46,27.9993
3,0,1,1,25.42,57,8.9981
2,0,1,3,10.66,100,11.0014
4,0,1,2,24.6,78,16.9979
2,0,1,1,25.42,25,12.998
3,0,0,1,31.16,66,19.9995
4,0,1,1,22.96,64,16.9979
3,0,0,1,35.26,40,23.9994
4,0,1,1,14.76,46,15.0013
4,0,0,1,10.66,81,6.0032
4,0,1,2,28.7,74,7.0015
1,0,1,1,9.02,75,6.0032
1,0,1,1,5.74,50,8.9981
2,0,0,2,15.58,87,8.9981
3,0,0,1,25.42,41,26.0027
2,0,0,2,30.34,55,7.0015
4,0,1,1,16.4,47,11.0014
1,0,0,2,9.84,52,19.0012
1,0,1,1,13.12,53,22.0028
4,0,1,2,15.58,54,7.0015
2,0,0,2,15.58,87,8.9981
2,0,1,1,14.76,57,23.9994
2,0,1,1,28.7,39,22.0028
1,0,1,2,7.38,74,12.998
2,0,1,2,20.5,72,6.0032
1,0,0,1,25.42,57,19.9995
4,0,1,1,22.96,64,23.9994
2,0,0,1,21.32,52,16.9979
2,0,1,2,25.42,53,19.0012
4,0,1,3,22.14,94,22.0028
3,0,1,2,27.88,89,12.998
4,0,1,1,14.76,46,27.9993
2,0,1,1,28.7,51,8.9981
3,0,1,1,24.6,60,8.9981
4,0,1,1,15.58,94,6.0032
1,0,1,1,17.22,28,40.9973
4,0,1,2,13.12,70,8.9981
4,0,1,1,9.02,80,0.0
2,0,1,1,25.42,41,22.0028
2,0,1,3,23.78,83,12.998
1,0,1,1,13.94,31,7.0015
1,0,0,1,16.4,50,19.9995
3,0,1,2,26.24,76,11.0014
2,0,1,1,18.86,77,11.0014
1,0,0,1,17.22,38,15.0013
2,0,1,1,21.32,34,12.998
4,0,1,3,20.5,100,7.0015
2,0,1,1,22.96,83,6.0032
4,0,1,1,16.4,40,15.0013
3,0,0,2,32.8,66,15.0013
4,0,1,2,16.4,94,6.0032
4,0,0,1,10.66,48,22.0028
3,1,0,2,31.16,55,7.0015
1,0,0,2,8.2,69,8.9981
4,0,1,1,17.22,41,23.9994
2,0,0,1,25.42,88,11.0014
4,0,1,3,25.42,83,16.9979
4,0,1,1,21.32,77,11.0014
2,0,0,1,22.14,64,7.0015
4,0,1,1,15.58,87,6.0032
1,1,0,3,6.56,86,19.0012
2,0,1,1,24.6,26,16.9979
4,0,1,1,12.3,52,15.0013
4,0,1,3,21.32,83,16.9979
2,0,0,1,15.58,54,12.998
4,0,0,1,13.94,53,6.0032
3,0,1,2,32.8,52,0.0
1,0,1,1,16.4,43,31.0009
4,0,1,1,10.66,56,19.9995
3,0,0,1,29.52,66,0.0
1,0,1,2,7.38,93,11.0014
3,0,1,3,26.24,89,6.0032
3,0,0,1,26.24,73,6.0032
2,0,0,2,23.78,78,12.998
2,0,0,2,20.5,59,11.0014
4,0,1,1,18.86,63,26.0027
2,0,1,1,20.5,93,12.998
4,0,1,2,18.86,100,19.0012
4,0,1,2,14.76,87,6.0032
2,0,1,2,22.96,83,19.0012
4,0,0,3,14.76,93,19.9995
1,0,1,2,13.12,57,19.9995
3,0,1,2,28.7,65,11.0014
3,0,1,1,35.26,47,15.0013
2,0,0,1,25.42,88,7.0015
1,0,0,1,13.12,53,11.0014
3,0,0,3,27.06,89,27.9993
2,1,0,1,27.88,51,16.9979
1,0,0,1,17.22,28,22.0028
2,0,1,1,26.24,73,12.998
2,0,0,1,29.52,42,16.9979
1,0,1,2,9.02,93,6.0032
4,1,0,2,16.4,76,15.0013
1,0,0,1,9.02,44,19.0012
2,0,1,1,24.6,40,0.0
1,0,1,1,19.68,59,22.0028
3,0,0,1,27.06,78,11.0014
3,0,1,2,22.14,45,15.0013
3,0,1,1,31.16,66,11.0014
3,0,0,1,38.54,38,12.998
1,0,1,2,10.66,93,8.9981
4,0,0,1,16.4,43,0.0
1,0,0,2,18.04,82,11.0014
3,0,1,1,27.06,69,0.0
2,0,1,2,21.32,88,8.9981
3,0,1,1,27.88,65,0.0
3,0,1,1,32.8,41,26.0027
1,0,1,1,10.66,38,19.9995
4,0,1,1,13.94,87,7.0015
4,0,1,1,22.96,73,23.9994
2,0,0,1,22.14,68,19.0012
1,0,1,1,11.48,61,12.998
3,0,1,1,24.6,83,0.0
1,0,1,1,13.94,34,6.0032
2,0,1,1,28.7,34,26.0027
4,0,0,1,12.3,49,19.9995
1,0,0,1,6.56,47,7.0015
3,0,0,1,28.7,58,15.0013
4,0,0,1,17.22,62,8.9981
3,0,0,1,21.32,72,15.0013
4,0,1,1,18.04,47,12.998
2,0,1,1,30.34,79,7.0015
2,0,1,1,15.58,46,15.0013
4,0,1,2,11.48,52,19.9995
2,0,0,2,15.58,87,19.0012
1,0,1,1,22.14,10,16.9979
1,0,0,1,18.04,33,19.9995
3,0,0,2,27.06,89,6.0032
1,0,1,1,18.04,44,12.998
3,0,1,3,31.16,66,39.0007
3,0,1,1,26.24,89,7.0015
4,0,0,1,10.66,60,22.0028
4,0,1,2,22.14,73,8.9981
3,0,1,1,26.24,89,8.9981
4,0,0,1,20.5,31,12.998
2,0,0,1,33.62,49,7.0015
2,0,1,1,14.76,62,8.9981
2,0,1,2,19.68,82,7.0015
3,0,1,1,35.26,41,16.9979
1,0,1,1,22.14,49,8.9981
1,0,1,3,16.4,54,11.0014
4,0,1,2,21.32,83,19.0012
4,0,1,1,22.96,46,6.0032
4,0,1,2,22.14,83,12.998
2,0,1,3,25.42,69,22.0028
4,0,0,1,16.4,54,6.0032
1,0,1,1,14.76,50,19.9995
2,0,0,1,27.88,74,8.9981
1,0,1,2,22.96,52,12.998
2,0,1,1,20.5,94,11.0014
4,0,0,1,9.84,65,7.0015
4,0,1,1,10.66,60,12.998
3,0,0,2,25.42,94,6.0032
2,0,1,2,30.34,48,16.9979
3,0,1,1,26.24,69,7.0015
2,1,0,2,16.4,76,19.9995
4,0,0,1,18.86,88,0.0
3,0,1,1,29.52,74,12.998
2,0,1,2,24.6,78,7.0015
2,0,1,1,13.94,71,8.9981
1,0,1,2,6.56,100,0.0
4,0,0,1,18.04,62,8.9981
4,0,0,2,17.22,71,19.0012
3,0,1,1,28.7,65,6.0032
2,0,1,2,22.14,45,15.0013
3,0,0,1,27.88,83,7.0015
1,0,0,1,13.12,49,16.9979
4,0,1,1,5.74,86,8.9981
2,0,1,2,23.78,46,11.0014
1,0,1,2,9.84,48,11.0014
1,0,1,2,13.94,76,19.9995
2,1,0,1,14.76,81,6.0032
3,0,1,1,26.24,89,11.0014
2,0,0,1,22.14,49,19.0012
4,0,1,1,19.68,67,8.9981
1,0,0,1,16.4,50,30.0026
3,0,1,1,26.24,89,7.0015
1,0,0,1,9.84,70,6.0032
3,0,0,2,39.36,31,16.9979
3,0,1,1,32.8,46,6.0032
4,0,1,2,18.04,94,15.0013
4,0,1,1,13.94,61,0.0
1,0,1,1,18.04,72,15.0013
3,0,0,1,41.0,19,11.0014
4,1,0,1,13.12,57,19.0012
4,0,0,2,16.4,87,7.0015
4,0,1,2,13.94,71,12.998
1,0,1,2,8.2,37,16.9979
4,0,1,1,18.04,94,6.0032
2,0,0,2,19.68,55,15.0013
2,0,1,1,24.6,83,8.9981
2,0,1,1,15.58,46,11.0014
2,0,0,1,24.6,18,30.0026
4,0,1,1,23.78,56,19.0012
2,0,1,1,12.3,49,15.0013
3,0,1,2,28.7,84,6.0032
1,0,0,1,11.48,33,30.0026
4,0,1,2,18.86,94,7.0015
4,0,1,2,20.5,55,23.9994
4,0,0,1,12.3,26,0.0
1,0,0,1,9.84,75,0.0
3,0,0,1,24.6,69,7.0015
1,0,1,2,13.94,87,19.0012
3,0,1,1,29.52,70,11.0014
2,0,0,2,30.34,58,11.0014
3,0,0,1,29.52,58,19.0012
4,0,0,1,9.84,70,8.9981
4,0,1,1,14.76,81,6.0032
2,0,0,1,17.22,67,6.0032
1,0,1,1,6.56,55,8.9981
1,0,0,1,13.12,57,8.9981
1,0,0,1,13.94,53,19.0012
1,0,1,1,8.2,80,0.0
3,0,1,3,24.6,100,12.998
4,0,1,1,21.32,68,15.0013
1,0,0,1,19.68,12,32.9975
4,0,1,1,13.12,57,11.0014
1,0,1,1,14.76,46,35.0008
3,0,1,1,22.14,77,0.0
1,0,1,2,22.14,56,15.0013
1,0,1,1,6.56,86,8.9981
3,0,1,1,28.7,79,19.0012
4,0,1,3,21.32,88,32.9975
3,0,0,1,33.62,43,8.9981
1,0,1,1,28.7,23,22.0028
2,0,1,1,31.98,31,8.9981
4,0,0,1,9.02,75,11.0014
2,0,1,2,26.24,69,39.0007
3,0,1,1,29.52,74,27.9993
1,0,1,2,10.66,56,7.0015
2,0,0,1,24.6,23,26.0027
3,0,0,1,36.08,44,31.0009
2,0,1,2,28.7,58,30.0026
1,0,0,2,12.3,56,16.9979
1,0,0,3,9.02,100,11.0014
3,0,1,1,31.16,66,7.0015
1,1,0,1,11.48,52,22.0028
1,0,0,2,12.3,52,0.0
2,0,1,3,17.22,77,12.998
2,0,0,1,23.78,83,6.0032
2,0,1,3,22.14,88,19.0012
2,0,0,1,26.24,57,15.0013
1,0,1,2,8.2,47,12.998
2,0,1,2,30.34,27,32.9975
1,0,1,2,8.2,37,0.0
2,0,1,2,23.78,46,8.9981
3,0,1,1,25.42,53,16.9979
2,0,0,2,14.76,87,15.0013
3,0,0,1,18.86,72,15.0013
2,0,1,3,20.5,77,11.0014
3,0,0,3,23.78,78,6.0032
3,0,0,1,32.8,33,15.0013
2,0,1,1,20.5,36,12.998
1,0,0,2,18.04,62,19.9995
1,0,0,1,10.66,60,0.0
1,0,1,1,18.86,88,0.0
1,0,1,1,4.92,54,7.0015
2,0,1,1,26.24,69,15.0013
4,1,0,1,22.14,73,19.0012
3,0,0,1,33.62,56,8.9981
3,0,1,1,28.7,45,11.0014
3,0,1,1,34.44,44,19.9995
4,0,1,1,10.66,75,6.0032
1,0,1,2,12.3,42,8.9981
3,0,1,1,33.62,43,7.0015
1,0,0,2,12.3,100,19.9995
4,0,1,1,24.6,53,0.0
1,0,0,1,3.28,53,12.998
3,0,1,1,20.5,72,6.0032
4,0,1,2,18.86,87,12.998
1,0,0,1,12.3,28,22.0028
4,0,0,2,16.4,94,7.0015
1,0,1,1,9.02,47,36.9974
1,0,1,1,4.92,50,12.998
3,0,1,1,30.34,33,7.0015
4,0,1,3,14.76,76,19.0012
1,0,1,1,14.76,27,15.0013
3,0,0,2,29.52,74,15.0013
1,0,1,1,10.66,52,8.9981
2,0,1,3,22.96,88,8.9981
3,0,0,1,27.06,44,11.0014
2,0,0,1,22.96,88,7.0015
3,0,1,1,32.8,49,11.0014
2,0,0,1,21.32,52,11.0014
4,0,0,1,18.04,54,0.0
2,0,0,1,27.06,36,0.0
3,0,1,2,34.44,32,30.0026
2,0,1,2,28.7,45,26.0027
1,0,0,1,14.76,46,15.0013
3,0,1,1,31.16,70,27.9993
2,0,1,1,16.4,37,32.9975
4,0,1,3,17.22,88,8.9981
1,0,1,1,8.2,40,8.9981
3,0,1,1,35.26,39,19.9995
1,0,1,1,21.32,52,11.0014
3,0,1,1,28.7,84,0.0
3,0,0,1,27.88,57,0.0
2,0,0,3,17.22,94,30.0026
2,0,1,1,18.86,31,0.0
1,0,1,1,9.84,52,8.9981
3,0,0,2,27.06,89,11.0014
2,0,1,1,28.7,42,11.0014
3,0,1,2,30.34,70,19.0012
4,0,1,1,9.84,75,8.9981
4,0,1,2,17.22,94,7.0015
4,0,1,3,21.32,88,32.9975
1,0,1,2,14.76,57,19.0012
1,0,1,1,13.12,57,11.0014
4,0,1,2,17.22,80,12.998
3,0,0,1,18.86,72,8.9981
4,0,1,1,13.12,42,26.0027
3,0,1,2,24.6,88,12.998
4,0,1,3,21.32,77,16.9979
2,0,0,1,22.14,19,26.0027
1,0,1,1,18.04,72,8.9981
3,0,1,2,27.06,83,11.0014
1,0,1,1,6.56,80,8.9981
3,0,1,2,30.34,74,16.9979
4,0,0,1,22.96,49,30.0026
4,0,1,1,9.84,65,23.9994
3,0,1,1,31.16,55,12.998
2,0,1,2,23.78,78,19.0012
1,0,1,1,7.38,43,12.998
4,0,1,2,10.66,56,19.0012
2,0,1,1,26.24,41,19.0012
3,0,1,2,28.7,54,0.0
4,0,1,1,18.04,88,0.0
4,0,1,1,24.6,73,19.0012
1,0,1,1,10.66,60,11.0014
2,0,1,1,22.96,35,6.0032
4,0,1,1,19.68,55,16.9979
1,0,1,2,12.3,45,11.0014
1,0,0,1,16.4,43,19.0012
4,0,1,2,22.14,94,19.0012
1,0,0,1,17.22,54,11.0014
2,0,1,1,30.34,70,19.0012
4,0,1,3,21.32,83,6.0032
3,0,1,1,27.06,74,0.0
2,0,1,2,24.6,53,22.0028
4,1,0,1,19.68,77,11.0014
2,1,0,1,32.8,33,30.0026
3,0,1,1,31.16,62,12.998
4,0,1,1,20.5,45,11.0014
1,0,0,1,14.76,66,8.9981
2,0,1,1,18.86,88,8.9981
3,0,1,1,25.42,88,7.0015
3,0,1,1,35.26,39,16.9979
4,0,1,1,18.86,88,16.9979
1,0,1,1,6.56,59,22.0028
4,0,0,1,17.22,67,22.0028
1,0,1,2,14.76,34,12.998
1,0,1,1,22.96,56,15.0013
2,0,1,2,24.6,73,12.998
3,0,0,1,28.7,79,12.998
2,0,1,1,18.86,72,8.9981
4,0,1,2,18.04,88,15.0013
2,0,1,2,26.24,69,12.998
1,0,1,2,16.4,87,15.0013
1,0,0,2,6.56,48,26.0027
2,0,0,1,24.6,49,8.9981
3,0,1,1,32.8,46,8.9981
3,0,0,1,29.52,84,12.998
2,0,1,1,28.7,54,31.0009
2,0,1,1,16.4,87,11.0014
3,0,0,1,27.06,74,0.0
3,0,0,1,31.98,62,11.0014
2,0,1,1,26.24,38,15.0013
4,0,1,3,25.42,94,6.0032
1,0,0,1,12.3,36,23.9994
2,0,0,1,14.76,66,6.0032
3,0,1,1,28.7,74,8.9981
1,0,1,1,7.38,26,12.998
4,0,1,3,14.76,62,12.998
2,0,0,1,31.98,59,19.0012
4,1,0,1,25.42,69,6.0032
3,0,1,1,27.88,36,8.9981
3,0,1,1,28.7,79,8.9981
1,0,0,1,9.84,70,6.0032
2,0,0,1,21.32,52,12.998
2,0,0,1,20.5,63,8.9981
1,0,0,1,7.38,37,30.0026
2,0,1,1,26.24,41,31.0009
3,0,1,1,28.7,61,19.0012
2,0,1,1,26.24,44,23.9994
2,0,0,2,27.06,47,7.0015
4,0,1,1,18.86,59,15.0013
3,0,1,1,31.16,52,16.9979
4,0,1,1,22.96,52,0.0
1,0,0,1,7.38,37,26.0027
3,0,1,1,26.24,69,19.9995
4,0,1,1,13.94,31,15.0013
1,0,1,1,13.94,36,11.0014
4,0,1,1,18.86,88,16.9979
1,1,0,1,6.56,59,16.9979
2,0,0,1,17.22,67,15.0013
4,0,1,1,15.58,46,19.0012
4,0,1,1,11.48,61,6.0032
1,0,1,2,16.4,50,23.9994
4,0,1,2,11.48,52,19.0012
1,0,1,1,4.92,54,7.0015
3,0,0,1,37.72,33,16.9979
1,0,0,1,18.86,14,27.9993
4,0,1,2,18.86,67,26.0027
4,0,1,1,13.94,53,11.0014
1,0,0,1,9.02,41,16.9979
3,0,0,2,29.52,74,19.0012
2,0,1,1,14.76,76,8.9981
2,0,1,1,24.6,73,16.9979
2,0,1,2,23.78,68,22.0028
3,0,1,1,26.24,78,0.0
1,0,1,1,27.88,39,19.0012
1,0,0,1,20.5,31,23.9994
2,0,1,3,17.22,88,35.0008
4,0,1,1,8.2,69,0.0
3,0,1,3,26.24,89,0.0
3,0,0,1,35.26,47,12.998
2,0,1,2,13.94,86,8.9981
2,0,1,2,27.06,54,30.0026
2,0,1,1,17.22,62,16.9979
1,0,1,1,5.74,39,0.0
3,0,1,3,22.96,94,8.9981
4,0,0,1,20.5,36,8.9981
1,0,1,1,13.94,42,19.9995
1,0,0,1,11.48,75,6.0032
3,0,1,1,25.42,73,6.0032
2,0,0,1,23.78,56,6.0032
3,0,1,2,25.42,94,19.0012
1,0,1,1,9.02,47,19.0012
1,0,1,1,26.24,57,15.0013
1,0,0,1,16.4,50,22.0028
2,0,1,2,20.5,82,15.0013
4,0,1,1,13.94,66,7.0015
1,0,0,1,13.94,42,8.9981
4,0,0,1,22.14,42,15.0013
4,0,1,2,18.04,75,15.0013
2,1,0,1,14.76,81,7.0015
1,1,0,1,11.48,45,22.0028
4,0,0,2,14.76,93,0.0
4,0,1,2,17.22,94,16.9979
3,0,1,3,25.42,73,7.0015
3,0,1,1,26.24,53,0.0
4,0,1,1,13.94,81,6.0032
1,0,1,1,18.86,55,19.0012
3,0,1,1,36.08,32,11.0014
4,0,1,2,20.5,51,6.0032
1,0,1,1,20.5,63,0.0
1,0,1,1,15.58,27,11.0014
4,0,0,1,10.66,81,6.0032
3,0,1,1,27.06,74,7.0015
2,1,0,2,16.4,76,22.0028
2,0,1,1,18.04,33,0.0
1,0,1,2,14.76,87,12.998
2,0,1,2,23.78,78,7.0015
2,0,1,1,19.68,63,15.0013
1,0,1,1,11.48,61,8.9981
4,0,1,3,19.68,100,27.9993
3,0,1,1,27.88,83,8.9981
2,0,1,2,21.32,59,15.0013
3,0,1,1,27.06,69,11.0014
1,0,0,1,17.22,16,39.0007
2,0,1,1,28.7,34,19.0012
2,0,1,1,21.32,52,19.0012
2,0,1,2,14.76,46,26.0027
2,0,0,2,22.14,88,0.0
1,0,0,2,10.66,70,16.9979
4,0,1,2,10.66,87,19.9995
1,0,0,1,5.74,46,27.9993
4,0,1,2,21.32,77,12.998
2,0,0,1,17.22,28,16.9979
3,0,0,2,25.42,73,0.0
2,0,1,1,12.3,49,26.0027
1,0,1,2,6.56,59,0.0
2,0,1,1,20.5,77,12.998
1,0,1,1,9.02,64,31.0009
3,0,0,1,25.42,88,0.0
2,0,1,3,21.32,94,15.0013
4,0,0,1,15.58,71,0.0
4,0,1,1,17.22,47,19.9995
3,0,0,1,29.52,84,8.9981
3,0,0,1,34.44,30,15.0013
3,0,1,1,26.24,73,7.0015
2,0,1,1,27.06,78,11.0014
2,0,1,3,17.22,77,0.0
3,0,1,1,26.24,83,7.0015
3,0,1,1,26.24,89,0.0
1,0,1,1,16.4,35,12.998
3,0,1,1,28.7,74,15.0013
1,0,1,1,10.66,56,7.0015
4,0,0,2,18.04,67,7.0015
3,0,1,1,26.24,78,19.9995
1,0,1,1,23.78,43,12.998
1,1,0,3,7.38,59,12.998
1,0,0,1,20.5,77,11.0014
1,0,1,2,8.2,64,6.0032
4,0,1,1,8.2,80,0.0
4,1,0,1,15.58,76,19.0012
3,0,1,1,24.6,64,8.9981
2,0,1,1,21.32,72,8.9981
1,1,0,1,10.66,33,16.9979
2,0,1,1,23.78,60,15.0013
2,0,1,1,25.42,50,19.0012
1,0,1,1,8.2,47,0.0
2,0,1,1,24.6,64,12.998
4,0,1,1,12.3,52,11.0014
2,0,1,2,17.22,77,12.998
3,0,0,1,28.7,84,15.0013
3,0,1,1,37.72,37,8.9981
1,0,1,3,18.86,94,7.0015
4,0,1,3,22.14,60,15.0013
4,0,1,2,19.68,88,12.998
3,0,0,1,27.88,39,0.0
1,0,1,1,10.66,70,23.9994
3,0,1,1,34.44,53,0.0
2,0,0,1,25.42,69,6.0032
2,0,1,2,18.04,62,0.0
2,0,0,1,24.6,56,7.0015
1,0,1,2,10.66,55,19.9995
2,0,1,1,21.32,68,6.0032
1,0,0,3,11.48,100,27.9993
3,0,1,2,25.42,73,8.9981
2,0,1,1,22.14,73,23.9994
1,0,0,2,17.22,77,19.9995
4,0,1,1,10.66,65,8.9981
4,0,1,2,21.32,94,8.9981
1,0,0,2,7.38,51,11.0014
1,0,1,2,13.94,87,6.0032
2,0,1,1,27.06,41,19.9995
4,1,0,1,13.94,76,15.0013
2,0,1,1,24.6,83,15.0013
3,0,0,2,25.42,78,6.0032
4,0,0,2,15.58,82,7.0015
1,0,1,3,8.2,100,22.0028
3,0,0,1,27.88,61,15.0013
2,0,1,2,22.14,77,15.0013
3,0,1,1,26.24,73,8.9981
2,0,1,3,23.78,60,0.0
4,0,1,2,12.3,42,15.0013
3,0,1,1,27.06,83,6.0032
3,1,0,1,27.88,74,12.998
1,0,1,1,13.12,22,15.0013
4,0,1,1,6.56,80,7.0015
4,0,0,3,17.22,58,11.0014
2,0,0,1,14.76,71,7.0015
1,0,1,1,5.74,26,31.0009
1,0,1,2,12.3,70,0.0
4,0,1,2,24.6,88,12.998
2,0,1,3,16.4,43,27.9993
2,0,1,1,26.24,83,15.0013
2,0,0,1,22.96,49,6.0032
4,0,0,1,19.68,55,8.9981
3,0,1,1,31.16,45,8.9981
4,1,0,1,22.96,64,16.9979
4,0,1,1,9.02,55,19.0012
3,0,1,2,32.8,55,19.0012
4,0,0,2,16.4,87,7.0015
4,0,0,1,10.66,52,8.9981
3,0,1,1,32.8,52,30.0026
3,0,1,1,23.78,83,0.0
3,0,1,1,27.06,65,15.0013
2,0,0,2,14.76,81,0.0
1,0,1,1,21.32,42,16.9979
2,0,0,1,26.24,38,16.9979
2,0,1,1,16.4,62,11.0014
4,0,1,1,13.12,93,0.0
3,0,1,1,25.42,57,19.9995
3,0,0,1,31.16,45,19.0012
1,0,0,1,3.28,53,12.998
4,0,1,1,13.94,57,11.0014
3,0,1,1,29.52,74,12.998
3,0,0,1,28.7,74,16.9979
2,0,1,1,17.22,94,8.9981
2,0,1,1,24.6,64,6.0032
2,0,1,1,26.24,41,23.9994
3,0,0,1,27.06,36,16.9979
3,0,1,2,34.44,49,19.0012
1,0,0,1,20.5,25,16.9979
3,0,1,1,30.34,37,6.0032
4,0,1,1,15.58,71,8.9981
1,0,1,1,10.66,65,6.0032
1,0,0,1,13.12,33,40.9973
4,0,0,1,16.4,66,15.0013
4,0,1,2,14.76,62,19.0012
2,0,1,2,29.52,79,8.9981
2,0,0,1,20.5,20,12.998
4,0,1,2,12.3,81,8.9981
1,0,1,1,10.66,25,16.9979
2,0,0,2,14.76,87,11.0014
3,0,0,1,32.8,59,7.0015
1,0,0,1,18.04,44,12.998
4,0,0,1,22.96,35,19.0012
1,0,1,2,9.84,93,15.0013
1,0,1,2,11.48,93,7.0015
1,0,0,1,6.56,47,11.0014
4,0,0,1,11.48,61,19.0012
4,0,0,1,11.48,48,16.9979
1,0,0,1,15.58,17,35.0008
2,0,1,2,22.14,88,12.998
